cod_municipio,municipio,latitud,longitud,altitud,poblacion,centros_salud_10mil,farmacias_10mil,latitud_google_places,longitud_google_places,poblacion_google_places,n_gym,gym_total_reviews,gym_weighted_avg_rating,gym_rating_min,gym_rating_max,n_restaurant,restaurant_total_reviews,restaurant_weighted_avg_rating,restaurant_rating_min,restaurant_rating_max,n_pharmacy,pharmacy_total_reviews,pharmacy_weighted_avg_rating,pharmacy_rating_min,pharmacy_rating_max,n_school,school_total_reviews,school_weighted_avg_rating,school_rating_min,school_rating_max,n_transport,transport_total_reviews,transport_weighted_avg_rating,transport_rating_min,transport_rating_max,Año,Tipo territorio,Código territorio,Territorio,paro_total,Estado dato,Año_paro_por100,Tipo territorio_paro_por100,Código territorio_paro_por100,Territorio_paro_por100,paro_100,Estado dato_paro_por100,Año_distancia,Tipo territorio_distancia,Código territorio_distancia,Territorio_distancia,distancia_capital,Estado dato_distancia,afiliados_agricultura_y_ganadería,afiliados_construcción,afiliados_minería_industria_y_energía,afiliados_otros_servicios,afiliados_servicios_a_empresas_y_financieros,afiliados_servicios_de_distribución_y_hostelería,afiliados_total,alumnos_total,cultura,IPVA
14,Acebeda (La),41.08697,-3.624634,1266.542,68.0,0,0,41.08697,-3.624634,68.0,1,0,,,,11,4817,4.152875233547851,3.8,4.6,1,3,5.0,5.0,5.0,3,7,5.0,5.0,5.0,27,15,4.4,2.0,5.0,2025,Municipios,14.0,Acebeda (La),3,,2024,Municipios,14.0,Acebeda (La),2.94,,2016,Municipios,14,Acebeda (La),88.477,,0,1,2,8,8,11,30,0,0.0,
29,Ajalvir,40.53437,-3.481002,680.1722,4946.0,0,2,40.53437,-3.481002,4946.0,20,1563,4.438067818298144,3.0,5.0,20,32459,4.041634061431345,3.3,4.9,16,1565,4.458210862619808,3.6,4.9,20,1426,4.902314165497896,4.8,5.0,24,19,4.321052631578947,3.0,4.8,2025,Municipios,29.0,Ajalvir,177,,2024,Municipios,29.0,Ajalvir,3.87,,2016,Municipios,29,Ajalvir,34.911,,15,110,253,578,521,691,2168,1336,0.0,
35,Alameda del Valle,40.9179,-3.843788,1109.934,256.0,0,39,40.9179,-3.843788,256.0,1,0,,,,20,15485,4.383519535033904,3.4,5.0,3,41,4.190243902439025,3.6,4.7,6,131,4.7,4.7,4.7,22,39,4.4,2.0,5.0,2025,Municipios,35.0,Alameda del Valle,17,,2024,Municipios,35.0,Alameda del Valle,3.14,,2016,Municipios,35,Alameda del Valle,92.242,,4,3,4,31,20,27,89,0,0.0,
40,Álamo (El),40.22972,-3.992688,606.2238,10413.0,0,2,40.22972,-3.992688,10413.0,19,2401,4.334069137859225,3.8,5.0,20,12296,4.242664281067014,3.0,4.7,14,625,4.3224,3.5,5.0,20,50,4.806,4.3,5.0,22,12,3.983333333333333,2.0,5.0,2025,Municipios,40.0,Álamo (El),523,,2024,Municipios,40.0,Álamo (El),5.22,,2016,Municipios,40,Álamo (El),42.104,,22,371,319,1164,773,1122,3771,4244,0.0,
88,Aldea del Fresno,40.32399,-4.202217,476.7994,3422.0,0,3,40.32399,-4.202217,3422.0,4,147,4.696598639455782,3.0,4.8,20,5831,4.339821642942892,3.9,5.0,4,92,4.393478260869564,3.8,4.8,11,719,4.71835883171071,4.0,5.0,24,28,4.228571428571428,3.0,5.0,2025,Municipios,88.0,Aldea del Fresno,204,,2024,Municipios,88.0,Aldea del Fresno,5.9,,2016,Municipios,88,Aldea del Fresno,56.001,,27,149,70,340,213,283,1082,566,0.0,
91,Algete,40.59642,-3.497902,712.8972,21134.0,0,3,40.59642,-3.497902,21134.0,20,1223,4.753475061324612,1.8,5.0,20,18232,4.227396884598509,3.4,4.7,15,767,4.436505867014342,3.8,4.9,20,167,4.926347305389221,4.8,5.0,28,29,3.768965517241379,1.0,5.0,2025,Municipios,91.0,Algete,759,,2024,Municipios,91.0,Algete,3.77,,2016,Municipios,91,Algete,32.758,,50,618,928,2281,3045,2874,9796,9060,1.0,114.728
105,Alpedrete,40.65875,-4.023713,916.7029,15655.0,0,2,40.65875,-4.023713,15655.0,20,3702,4.451674770394381,3.6,5.0,20,30753,4.055262901180373,3.3,4.6,20,8318,3.999675402741043,1.8,5.0,20,203,4.78128078817734,4.6,5.0,32,580,3.685689655172414,2.0,5.0,2025,Municipios,105.0,Alpedrete,599,,2024,Municipios,105.0,Alpedrete,4.13,,2016,Municipios,105,Alpedrete,43.979,,11,383,330,2218,2063,1757,6762,5820,0.0,118.558
112,Ambite,40.3292,-3.181895,667.338,701.0,0,14,40.3292,-3.181895,701.0,2,0,,,,20,7542,4.031012993900822,3.2,4.7,6,137,4.391970802919708,3.4,5.0,14,19,4.578947368421052,4.5,5.0,20,9,4.333333333333333,1.0,5.0,2025,Municipios,112.0,Ambite,45,,2024,Municipios,112.0,Ambite,6.6,,2016,Municipios,112,Ambite,54.784,,2,24,26,76,48,63,239,26,0.0,
127,Anchuelo,40.46549,-3.268585,761.7067,1393.0,0,7,40.46549,-3.268585,1393.0,20,1296,4.452623456790124,2.3,5.0,20,9229,4.381027196879401,3.9,5.0,12,270,4.265185185185185,2.9,5.0,18,436,4.796100917431193,4.1,5.0,21,17,3.835294117647059,1.0,5.0,2025,Municipios,127.0,Anchuelo,68,,2024,Municipios,127.0,Anchuelo,5.17,,2016,Municipios,127,Anchuelo,42.201,,8,47,74,114,113,160,516,330,0.0,
151,Arroyomolinos,40.26884,-3.920291,597.4142,37299.0,0,3,40.26884,-3.920291,37299.0,20,4827,3.953345763414129,3.3,5.0,20,21086,4.039504884757659,2.7,4.5,20,1136,4.2311619718309865,3.6,5.0,20,443,4.422573363431151,4.0,5.0,33,178,4.033707865168539,1.0,5.0,2025,Municipios,151.0,Arroyomolinos,1252,,2024,Municipios,151.0,Arroyomolinos,3.53,,2016,Municipios,151,Arroyomolinos,31.45,,16,1027,933,4382,4079,4289,14726,19406,1.0,123.239
164,Atazar (El),40.93333,-3.466667,900.2352,107.0,0,0,40.93333,-3.466667,107.0,0,0,,,,6,2035,4.321081081081081,4.1,4.4,0,0,,,,0,0,,,,23,25,4.712,4.0,5.0,2025,Municipios,164.0,Atazar (El),10,,2024,Municipios,164.0,Atazar (El),5.61,,2016,Municipios,164,Atazar (El),84.846,,0,5,11,12,8,7,43,0,0.0,
170,Batres,40.21029,-3.922307,603.6849,1957.0,0,5,40.21029,-3.922307,1957.0,20,807,4.4169764560099125,3.9,5.0,20,14245,4.235500175500176,2.8,4.8,15,642,4.333956386292835,3.5,5.0,20,198,4.702525252525253,4.6,5.0,22,20,4.05,3.0,5.0,2025,Municipios,170.0,Batres,82,,2024,Municipios,170.0,Batres,4.84,,2016,Municipios,170,Batres,37.802,,0,52,52,212,163,186,665,118,2.0,
186,Becerril de la Sierra,40.71638,-3.989412,1086.586,6553.0,0,3,40.71638,-3.989412,6553.0,20,2045,4.385916870415648,4.2,5.0,20,19826,4.435186119237365,3.7,4.9,17,619,3.743780290791599,2.6,5.0,20,64,4.8078125,4.6,5.0,28,355,4.0600000000000005,2.3,5.0,2025,Municipios,186.0,Becerril de la Sierra,327,,2024,Municipios,186.0,Becerril de la Sierra,4.97,,2016,Municipios,186,Becerril de la Sierra,50.448,,12,246,144,787,712,770,2671,1272,0.0,
199,Belmonte de Tajo,40.13364,-3.339654,732.0183,1919.0,0,5,40.13364,-3.339654,1919.0,13,215,4.586976744186047,3.7,5.0,20,14356,4.2910420730008365,3.6,5.0,10,164,4.377439024390244,3.2,5.0,20,37,4.797297297297297,4.5,5.0,22,6,4.166666666666667,3.5,4.5,2025,Municipios,199.0,Belmonte de Tajo,108,,2024,Municipios,199.0,Belmonte de Tajo,6.26,,2016,Municipios,199,Belmonte de Tajo,57.499,,11,81,131,190,129,177,719,366,0.0,
210,Berrueco (El),40.88814,-3.561255,937.1234,828.0,0,12,40.88814,-3.561255,828.0,7,279,4.250896057347671,4.0,5.0,20,23612,4.154700999491784,3.8,5.0,3,87,3.717241379310345,3.6,4.2,8,0,,,,26,18,4.611111111111111,3.0,5.0,2025,Municipios,210.0,Berrueco (El),39,,2024,Municipios,210.0,Berrueco (El),5.64,,2016,Municipios,210,Berrueco (El),66.347,,2,32,11,90,36,67,238,12,1.0,
203,Berzosa del Lozoya,40.97594,-3.525082,1079.826,234.0,0,0,40.97594,-3.525082,234.0,0,0,,,,9,2553,4.376694085389738,4.2,4.6,1,15,5.0,5.0,5.0,0,0,,,,25,14,4.6571428571428575,4.0,5.0,2025,Municipios,203.0,Berzosa del Lozoya,3,,2024,Municipios,203.0,Berzosa del Lozoya,3.03,,2016,Municipios,203,Berzosa del Lozoya,82.228,,0,7,5,28,10,6,56,0,0.0,
231,Boalo (El),40.71746,-3.920084,953.0439,8548.0,0,4,40.71746,-3.920084,8548.0,20,2107,4.417892738490745,4.0,5.0,20,15125,4.391312396694215,4.1,4.9,11,409,3.615403422982885,2.6,5.0,20,102,4.813725490196078,3.7,5.0,26,53,3.749056603773585,1.0,5.0,2025,Municipios,231.0,Boalo (El),363,,2024,Municipios,231.0,Boalo (El),4.89,,2016,Municipios,231,Boalo (El),55.387,,29,291,204,1138,966,880,3508,3930,1.0,
246,Braojos,41.04005,-3.643112,1189.477,219.0,0,46,41.04005,-3.643112,219.0,1,0,,,,20,13919,4.006947338170845,2.8,4.7,3,53,2.8867924528301887,2.6,5.0,9,53,5.0,5.0,5.0,32,61,4.442622950819672,3.0,5.0,2025,Municipios,246.0,Braojos,7,,2024,Municipios,246.0,Braojos,1.83,,2016,Municipios,246,Braojos,83.276,,6,11,7,46,12,21,103,0,0.0,
259,Brea de Tajo,40.23012,-3.109499,722.8417,567.0,0,17,40.23012,-3.109499,567.0,3,1,3.0,3.0,3.0,8,1012,4.1471343873517785,3.8,4.9,3,17,4.658823529411765,4.0,4.8,7,0,,,,15,3,4.666666666666667,4.5,5.0,2025,Municipios,259.0,Brea de Tajo,34,,2024,Municipios,259.0,Brea de Tajo,6.22,,2016,Municipios,259,Brea de Tajo,65.168,,9,15,17,84,33,32,190,14,1.0,
262,Brunete,40.40554,-3.997736,654.7903,11263.0,0,3,40.40554,-3.997736,11263.0,20,1373,4.4255644573925705,3.6,5.0,20,12210,4.251056511056511,3.1,4.6,17,4088,4.070132093933464,3.0,5.0,20,1131,4.696109637488948,4.2,5.0,25,19,4.257894736842106,2.5,5.0,2025,Municipios,262.0,Brunete,397,,2024,Municipios,262.0,Brunete,3.81,,2016,Municipios,262,Brunete,38.308,,24,372,223,1716,1315,1380,5030,4550,1.0,117.607
278,Buitrago del Lozoya,40.99368,-3.636723,977.8387,1970.0,5,5,40.99368,-3.636723,1970.0,1,0,,,,20,15434,4.08755345341454,3.0,4.9,4,68,3.3529411764705883,2.6,5.0,7,46,5.0,5.0,5.0,34,122,4.492622950819673,2.0,5.0,2025,Municipios,278.0,Buitrago del Lozoya,83,,2024,Municipios,278.0,Buitrago del Lozoya,4.82,,2016,Municipios,278,Buitrago del Lozoya,76.377,,21,67,68,344,123,260,883,6926,5.0,
284,Bustarviejo,40.85811,-3.70969,1217.359,2833.0,0,4,40.85811,-3.70969,2833.0,5,187,4.475935828877005,4.3,5.0,20,13256,4.3673053711526855,4.1,4.9,6,150,4.127999999999999,3.6,4.4,12,452,4.9,4.9,4.9,22,19,4.042105263157895,1.0,5.0,2025,Municipios,284.0,Bustarviejo,146,,2024,Municipios,284.0,Bustarviejo,5.23,,2016,Municipios,284,Bustarviejo,64.721,,14,75,91,428,236,233,1077,486,1.0,
297,Cabanillas de la Sierra,40.81968,-3.626066,921.8676,949.0,0,11,40.81968,-3.626066,949.0,12,973,4.4622816032887975,3.9,5.0,20,16271,4.101155429905967,3.8,4.9,8,178,4.06123595505618,3.6,4.4,13,22,4.913636363636364,4.9,5.0,28,30,3.770000000000001,1.0,5.0,2025,Municipios,297.0,Cabanillas de la Sierra,29,,2024,Municipios,297.0,Cabanillas de la Sierra,4.14,,2016,Municipios,297,Cabanillas de la Sierra,55.486,,4,27,26,123,85,103,368,418,0.0,
301,Cabrera (La),40.86399,-3.615572,1040.395,2952.0,3,3,40.86399,-3.615572,2952.0,9,287,4.2717770034843205,4.0,5.0,20,17278,4.144762125245978,3.8,4.8,8,178,4.037640449438202,3.6,4.4,11,0,,,,26,17,4.352941176470588,1.0,5.0,2025,Municipios,301.0,Cabrera (La),153,,2024,Municipios,301.0,Cabrera (La),5.2,,2016,Municipios,301,Cabrera (La),60.42,,10,105,65,390,223,379,1172,2358,1.0,
318,Cadalso de los Vidrios,40.30094,-4.443737,799.9886,3274.0,3,3,40.30094,-4.443737,3274.0,1,2,1.0,1.0,1.0,20,5393,4.207417022065641,3.9,5.0,2,16,2.975,2.0,3.3,9,0,,,,22,6,4.183333333333334,3.0,5.0,2025,Municipios,318.0,Cadalso de los Vidrios,220,,2024,Municipios,318.0,Cadalso de los Vidrios,7.59,,2016,Municipios,318,Cadalso de los Vidrios,89.965,,36,176,79,414,171,220,1096,880,4.0,
323,Camarma de Esteruelas,40.54861,-3.377597,639.19,8107.0,0,2,40.54861,-3.377597,8107.0,20,6657,4.208998047168395,3.1,5.0,20,27626,3.909621371172084,3.5,4.6,20,1356,4.050811209439528,3.2,4.8,20,1595,4.837742946708464,3.7,5.0,27,659,3.474810318664644,2.2,5.0,2025,Municipios,323.0,Camarma de Esteruelas,447,,2024,Municipios,323.0,Camarma de Esteruelas,5.26,,2016,Municipios,323,Camarma de Esteruelas,37.479,,5,238,468,745,684,1122,3262,3404,1.0,
339,Campo Real,40.33815,-3.380982,765.6791,6766.0,1,3,40.33815,-3.380982,6766.0,20,3417,4.296429616622769,3.5,5.0,20,6933,4.237617193134285,3.4,4.6,20,767,4.42425032594524,1.0,5.0,20,154,4.123376623376624,3.2,5.0,26,166,3.5210843373493974,1.0,5.0,2025,Municipios,339.0,Campo Real,332,,2024,Municipios,339.0,Campo Real,5.72,,2016,Municipios,339,Campo Real,34.635,,12,223,560,570,589,936,2890,1662,1.0,
344,Canencia,40.90981,-3.737718,1142.31,468.0,0,21,40.90981,-3.737718,468.0,1,0,,,,20,10489,4.309676804271141,3.3,4.7,4,61,4.273770491803279,3.6,4.9,7,131,4.7,4.7,4.7,23,14,4.378571428571428,3.7,4.6,2025,Municipios,344.0,Canencia,24,,2024,Municipios,344.0,Canencia,5.12,,2016,Municipios,344,Canencia,82.184,,16,14,9,42,22,38,141,0,0.0,
357,Carabaña,40.25669,-3.234641,612.9524,2375.0,0,4,40.25669,-3.234641,2375.0,1,0,,,,15,7243,4.4059643794008,2.5,5.0,5,47,4.785106382978723,4.7,5.0,9,0,,,,21,11,4.354545454545455,3.0,5.0,2025,Municipios,357.0,Carabaña,127,,2024,Municipios,357.0,Carabaña,6.12,,2016,Municipios,357,Carabaña,53.449,,8,99,99,260,159,250,875,412,0.0,
360,Casarrubuelos,40.17114,-3.833068,624.7643,4225.0,0,5,40.17114,-3.833068,4225.0,20,1667,4.714937012597481,3.7,5.0,20,22152,4.2045232936078,2.8,4.8,20,1049,4.50838894184938,3.9,5.0,20,131,4.558778625954199,3.8,5.0,23,67,3.0865671641791046,1.0,4.2,2025,Municipios,360.0,Casarrubuelos,202,,2024,Municipios,360.0,Casarrubuelos,4.54,,2016,Municipios,360,Casarrubuelos,33.936,,5,150,187,427,336,514,1619,852,0.0,
376,Cenicientos,40.26463,-4.464909,778.7822,2141.0,0,5,40.26463,-4.464909,2141.0,1,2,1.0,1.0,1.0,20,4452,4.318553459119496,3.8,4.8,2,16,2.975,2.0,3.3,8,0,,,,22,11,3.5454545454545454,2.8,5.0,2025,Municipios,376.0,Cenicientos,168,,2024,Municipios,376.0,Cenicientos,7.54,,2016,Municipios,376,Cenicientos,95.124,,31,82,33,245,93,187,671,454,1.0,
382,Cercedilla,40.74145,-4.054667,1191.372,7646.0,1,4,40.74145,-4.054667,7646.0,17,407,4.7842751842751845,4.3,5.0,20,24102,4.412455397892292,3.7,4.7,12,315,4.3330158730158725,3.7,5.0,20,51,4.884313725490196,4.5,5.0,24,283,4.058657243816255,2.3,5.0,2025,Municipios,382.0,Cercedilla,361,,2024,Municipios,382.0,Cercedilla,5.17,,2016,Municipios,382,Cercedilla,57.007,,30,273,119,1278,690,807,3197,2622,0.0,
395,Cervera de Buitrago,40.92196,-3.53016,916.3304,161.0,0,0,40.92196,-3.53016,161.0,2,0,,,,20,13079,4.298302622524658,3.9,5.0,2,21,4.771428571428571,4.2,5.0,1,0,,,,25,16,4.7,4.0,5.0,2025,Municipios,395.0,Cervera de Buitrago,12,,2024,Municipios,395.0,Cervera de Buitrago,6.83,,2016,Municipios,395,Cervera de Buitrago,82.105,,1,6,3,14,4,8,36,22,0.0,
513,Chapinería,40.37918,-4.20943,679.6159,2634.0,0,4,40.37918,-4.20943,2634.0,8,172,4.696511627906976,3.0,5.0,20,7182,4.364160401002507,3.8,5.0,6,81,4.090123456790123,3.5,4.6,14,1286,4.757931570762054,4.7,5.0,24,44,4.163636363636363,1.0,5.0,2025,Municipios,513.0,Chapinería,128,,2024,Municipios,513.0,Chapinería,5.56,,2016,Municipios,513,Chapinería,57.258,,18,72,72,313,208,235,918,1012,0.0,
528,Chinchón,40.14019,-3.415684,777.1609,5820.0,0,3,40.14019,-3.415684,5820.0,10,80,4.441249999999999,3.7,5.0,20,23096,4.273956529269138,3.6,4.7,7,105,4.196190476190476,3.2,5.0,14,19,4.605263157894737,4.5,5.0,21,15,4.2733333333333325,3.5,5.0,2025,Municipios,528.0,Chinchón,354,,2024,Municipios,528.0,Chinchón,6.33,,2016,Municipios,528,Chinchón,45.592,,118,161,246,541,393,751,2210,2248,3.0,
409,Ciempozuelos,40.15934,-3.6184,580.2641,26046.0,0,3,40.15934,-3.6184,26046.0,20,2704,4.491383136094675,1.7,5.0,20,13263,4.033966674206439,3.5,4.6,20,979,3.9516853932584266,2.0,4.7,20,304,4.260526315789474,3.7,5.0,23,315,3.128571428571429,1.0,5.0,2025,Municipios,409.0,Ciempozuelos,1287,,2024,Municipios,409.0,Ciempozuelos,5.32,,2016,Municipios,409,Ciempozuelos,35.54,,55,767,829,2981,2366,3344,10342,11220,1.0,119.144
416,Cobeña,40.56733,-3.504839,677.4468,7742.0,0,3,40.56733,-3.504839,7742.0,20,1368,4.650877192982456,3.3,5.0,20,21095,4.109789049537804,3.4,4.6,12,522,4.34272030651341,3.8,4.9,20,210,4.935714285714286,4.8,5.0,26,26,3.930769230769231,1.0,5.0,2025,Municipios,416.0,Cobeña,231,,2024,Municipios,416.0,Cobeña,3.09,,2016,Municipios,416,Cobeña,34.59,,25,189,244,825,1034,995,3312,3274,1.0,
468,Collado Mediano,40.69389,-4.023123,1029.724,7564.0,0,3,40.69389,-4.023123,7564.0,20,2903,4.35418532552532,3.6,5.0,20,28403,4.476548251945216,3.8,4.9,20,1242,3.921980676328502,2.6,5.0,20,124,4.808870967741935,4.6,5.0,31,418,3.968181818181818,1.0,5.0,2025,Municipios,468.0,Collado Mediano,384,,2024,Municipios,468.0,Collado Mediano,5.01,,2016,Municipios,468,Collado Mediano,47.487,,4,244,119,1049,986,778,3180,1082,1.0,
437,Colmenar de Oreja,40.10758,-3.387693,756.9265,8982.0,1,3,40.10758,-3.387693,8982.0,10,80,4.441249999999999,3.7,5.0,20,24179,4.275123040655114,3.6,4.7,7,105,4.196190476190476,3.2,5.0,14,19,4.605263157894737,4.5,5.0,21,9,4.444444444444445,3.5,5.0,2025,Municipios,437.0,Colmenar de Oreja,514,,2024,Municipios,437.0,Colmenar de Oreja,6.02,,2016,Municipios,437,Colmenar de Oreja,57.211,,80,520,402,790,604,1022,3418,1886,2.0,
421,Colmenar del Arroyo,40.41858,-4.198538,679.1825,2013.0,0,5,40.41858,-4.198538,2013.0,6,141,4.740425531914894,4.6,5.0,20,5763,4.430851986812424,3.8,5.0,5,58,4.205172413793103,3.5,4.6,12,1286,4.757931570762054,4.7,5.0,23,19,4.105263157894737,1.0,5.0,2025,Municipios,421.0,Colmenar del Arroyo,112,,2024,Municipios,421.0,Colmenar del Arroyo,5.86,,2016,Municipios,421,Colmenar del Arroyo,61.175,,16,59,47,236,163,148,669,284,1.0,
442,Colmenarejo,40.56101,-4.016842,875.1868,9741.0,0,2,40.56101,-4.016842,9741.0,20,2375,4.559789473684211,3.2,5.0,20,11453,4.268348904217236,3.8,4.6,20,663,4.150377073906486,2.8,5.0,20,323,4.765634674922601,4.2,5.0,30,254,3.5956692913385826,1.0,5.0,2025,Municipios,442.0,Colmenarejo,441,,2024,Municipios,442.0,Colmenarejo,4.86,,2016,Municipios,442,Colmenarejo,37.111,,13,296,173,1398,1265,1084,4229,4376,0.0,
480,Corpa,40.42489,-3.262723,819.1653,795.0,0,13,40.42489,-3.262723,795.0,8,360,4.227222222222222,3.9,5.0,20,5717,4.252702466328494,3.2,5.0,7,88,4.54090909090909,3.5,5.0,9,26,4.6923076923076925,4.5,5.0,23,14,4.221428571428572,2.7,5.0,2025,Municipios,480.0,Corpa,45,,2024,Municipios,480.0,Corpa,6.31,,2016,Municipios,480,Corpa,46.516,,8,10,59,80,60,81,298,16,0.0,
506,Cubas de la Sagra,40.1917,-3.837347,648.7275,6984.0,0,3,40.1917,-3.837347,6984.0,20,2766,4.108496023138105,2.0,5.0,20,20926,4.122942750645131,2.8,4.8,20,1130,4.509823008849557,4.1,5.0,20,130,4.54923076923077,3.8,5.0,20,3,3.0,2.5,4.0,2025,Municipios,506.0,Cubas de la Sagra,260,,2024,Municipios,506.0,Cubas de la Sagra,3.59,,2016,Municipios,506,Cubas de la Sagra,36.177,,4,259,297,773,620,742,2695,3412,1.0,
534,Daganzo de Arriba,40.54481,-3.457924,665.5711,10673.0,0,2,40.54481,-3.457924,10673.0,20,924,4.827489177489178,3.0,5.0,20,16438,4.233179218883076,3.7,5.0,17,804,4.400995024875622,3.6,4.9,20,1418,4.901763046544429,4.8,5.0,24,11,4.281818181818182,2.5,5.0,2025,Municipios,534.0,Daganzo de Arriba,433,,2024,Municipios,534.0,Daganzo de Arriba,3.86,,2016,Municipios,534,Daganzo de Arriba,36.597,,19,247,536,1152,1375,1597,4926,3688,0.0,117.67
549,Escorial (El),40.58508,-4.12952,915.7729,17262.0,0,3,40.58508,-4.12952,17262.0,20,1088,4.679136029411764,4.0,5.0,20,28035,4.188514357053682,3.3,4.9,14,540,4.360185185185185,2.8,5.0,20,176,4.373295454545454,3.9,4.8,25,628,4.046178343949046,1.0,5.0,2025,Municipios,549.0,Escorial (El),720,,2024,Municipios,549.0,Escorial (El),4.38,,2016,Municipios,549,Escorial (El),51.323,,40,376,272,2550,2021,1829,7088,5942,1.0,
552,Estremera,40.18403,-3.106115,643.0197,1451.0,0,7,40.18403,-3.106115,1451.0,3,1,3.0,3.0,3.0,8,1280,4.12109375,3.8,4.9,3,17,4.658823529411765,4.0,4.8,6,0,,,,20,14,4.285714285714286,3.0,5.0,2025,Municipios,552.0,Estremera,85,,2024,Municipios,552.0,Estremera,5.66,,2016,Municipios,552,Estremera,72.696,,23,46,34,230,61,96,490,312,1.0,
565,Fresnedillas de la Oliva,40.48651,-4.172033,895.7322,1833.0,0,5,40.48651,-4.172033,1833.0,10,193,4.689119170984456,4.0,5.0,20,6296,4.506893265565438,3.7,4.9,5,152,4.5,3.9,4.7,15,32,4.856249999999999,4.8,5.0,23,24,3.6375,3.0,5.0,2025,Municipios,565.0,Fresnedillas de la Oliva,121,,2024,Municipios,565.0,Fresnedillas de la Oliva,6.48,,2016,Municipios,565,Fresnedillas de la Oliva,69.753,,10,69,33,255,152,154,673,376,0.0,
571,Fresno de Torote,40.59229,-3.41205,657.2809,2547.0,0,4,40.59229,-3.41205,2547.0,13,351,4.727065527065527,2.8,5.0,20,9296,4.198192771084337,3.7,4.7,8,270,4.36,3.5,4.9,20,133,4.819548872180452,3.7,5.0,25,17,4.305882352941176,2.5,5.0,2025,Municipios,571.0,Fresno de Torote,127,,2024,Municipios,571.0,Fresno de Torote,5.1,,2016,Municipios,571,Fresno de Torote,46.99,,5,75,114,205,250,269,918,508,1.0,
590,Fuente el Saz de Jarama,40.63877,-3.51129,642.1251,7384.0,0,4,40.63877,-3.51129,7384.0,20,808,4.806064356435644,3.3,5.0,20,11264,4.240891335227273,3.5,4.7,14,755,4.101324503311258,2.6,4.8,20,134,4.972388059701492,4.9,5.0,28,28,3.857142857142857,1.0,5.0,2025,Municipios,590.0,Fuente el Saz de Jarama,331,,2024,Municipios,590.0,Fuente el Saz de Jarama,4.82,,2016,Municipios,590,Fuente el Saz de Jarama,36.187,,33,227,321,735,896,968,3180,1466,2.0,
604,Fuentidueña de Tajo,40.11819,-3.159549,565.6978,2319.0,0,4,40.11819,-3.159549,2319.0,2,67,4.028358208955224,3.7,4.7,7,9061,3.988698819114888,3.4,4.3,1,32,4.3,4.3,4.3,3,46,4.4,4.4,4.4,11,8,4.5,3.0,5.0,2025,Municipios,604.0,Fuentidueña de Tajo,151,,2024,Municipios,604.0,Fuentidueña de Tajo,6.96,,2016,Municipios,604,Fuentidueña de Tajo,63.685,,36,69,95,176,130,219,725,410,2.0,
611,Galapagar,40.57736,-4.00357,884.4304,36112.0,0,3,40.57736,-4.00357,36112.0,20,2788,4.411944045911048,3.6,5.0,20,14228,4.336899072251898,3.8,4.6,20,1065,4.000657276995305,3.3,5.0,20,242,4.812809917355372,4.4,5.0,36,557,3.6008976660682226,2.5,5.0,2025,Municipios,611.0,Galapagar,1540,,2024,Municipios,611.0,Galapagar,4.45,,2016,Municipios,611,Galapagar,35.516,,53,1156,627,5733,5054,4241,16864,11944,1.0,120.522
626,Garganta de los Montes,40.92143,-3.689205,1125.801,415.0,0,24,40.92143,-3.689205,415.0,2,12,4.5,4.5,4.5,20,13844,4.3527954348454205,3.3,4.7,4,77,4.22987012987013,3.8,4.9,6,0,,,,27,12,4.591666666666667,3.7,5.0,2025,Municipios,626.0,Garganta de los Montes,17,,2024,Municipios,626.0,Garganta de los Montes,4.33,,2016,Municipios,626,Garganta de los Montes,79.318,,10,16,12,44,33,33,148,0,0.0,
632,Gargantilla del Lozoya y Pinilla de Buitrago,40.96463,-3.718601,1136.591,401.0,0,25,40.96463,-3.718601,401.0,0,0,,,,20,11231,4.365844537441012,3.3,5.0,4,43,4.625581395348837,4.2,4.9,8,177,4.777966101694916,4.7,5.0,27,3,4.666666666666667,4.5,5.0,2025,Municipios,632.0,Gargantilla del Lozoya y Pinilla de Buitrago,25,,2024,Municipios,632.0,Gargantilla del Lozoya y Pinilla de Buitrago,6.05,,2016,Municipios,632,Gargantilla del Lozoya y Pinilla de Buitrago,81.426,,5,10,7,46,14,35,117,0,1.0,
647,Gascones,41.01809,-3.641817,1046.484,236.0,0,0,41.01809,-3.641817,236.0,1,0,,,,20,17323,4.077619349997114,2.8,4.7,3,53,2.8867924528301887,2.6,5.0,8,53,5.0,5.0,5.0,34,92,4.445652173913044,3.0,5.0,2025,Municipios,647.0,Gascones,9,,2024,Municipios,647.0,Gascones,5.86,,2016,Municipios,647,Gascones,80.024,,7,9,8,24,25,32,105,0,0.0,
663,Griñón,40.21424,-3.856192,676.9866,10714.0,1,2,40.21424,-3.856192,10714.0,20,1059,4.276770538243626,2.0,5.0,20,14649,4.130247798484539,2.8,4.8,20,854,4.430444964871195,3.6,5.0,20,259,4.345173745173745,3.8,5.0,23,97,2.318556701030928,1.0,5.0,2025,Municipios,663.0,Griñón,381,,2024,Municipios,663.0,Griñón,3.83,,2016,Municipios,663,Griñón,33.337,,22,302,555,1227,1051,1367,4524,6762,1.0,117.384
679,Guadalix de la Sierra,40.78483,-3.692719,841.0,6912.0,0,3,40.78483,-3.692719,6912.0,10,480,4.199999999999999,3.9,5.0,20,8379,4.392457333810716,3.6,5.0,9,322,4.458695652173913,4.0,4.8,16,51,4.962745098039216,4.9,5.0,24,19,4.521052631578947,3.0,5.0,2025,Municipios,679.0,Guadalix de la Sierra,345,,2024,Municipios,679.0,Guadalix de la Sierra,4.95,,2016,Municipios,679,Guadalix de la Sierra,58.847,,54,238,230,876,709,759,2866,1728,0.0,
685,Guadarrama,40.67348,-4.090732,965.5875,17069.0,1,2,40.67348,-4.090732,17069.0,20,578,4.8306228373702425,3.0,5.0,20,27502,4.434310231983129,3.7,4.6,12,444,3.9813063063063066,2.7,5.0,20,98,4.868367346938776,4.7,5.0,28,163,4.004294478527608,1.0,5.0,2025,Municipios,685.0,Guadarrama,680,,2024,Municipios,685.0,Guadarrama,4.35,,2016,Municipios,685,Guadarrama,50.794,,33,527,306,2786,1708,1984,7344,11984,0.0,117.375
698,Hiruela (La),41.0785,-3.454731,1255.356,84.0,0,0,41.0785,-3.454731,84.0,0,0,,,,8,3291,4.318930416286843,3.8,4.8,2,4,5.0,5.0,5.0,0,0,,,,3,16,4.8,4.8,4.8,2025,Municipios,698.0,Hiruela (La),4,,2024,Municipios,698.0,Hiruela (La),1.2,,2016,Municipios,698,Hiruela (La),97.734,,0,0,0,3,2,4,9,0,0.0,
702,Horcajo de la Sierra,41.06738,-3.585321,1080.612,231.0,0,0,41.06738,-3.585321,231.0,1,0,,,,18,6876,4.440721349621874,3.8,4.8,3,7,5.0,5.0,5.0,4,7,5.0,5.0,5.0,30,23,4.539130434782609,2.0,5.0,2025,Municipios,702.0,Horcajo de la Sierra-Aoslos,12,,2024,Municipios,702.0,Horcajo de la Sierra-Aoslos,4.29,,2016,Municipios,702,Horcajo de la Sierra-Aoslos,89.479,,4,2,1,19,14,22,62,0,0.0,
719,Horcajuelo de la Sierra,41.06009,-3.54552,1138.176,111.0,0,0,41.06009,-3.54552,111.0,1,0,,,,12,5677,4.4396864541130885,3.8,4.8,2,4,5.0,5.0,5.0,2,7,5.0,5.0,5.0,28,32,4.65,2.0,5.0,2025,Municipios,719.0,Horcajuelo de la Sierra,4,,2024,Municipios,719.0,Horcajuelo de la Sierra,2.7,,2016,Municipios,719,Horcajuelo de la Sierra,94.536,,3,5,3,23,6,11,51,0,0.0,
724,Hoyo de Manzanares,40.62273,-3.90712,1005.688,9186.0,0,3,40.62273,-3.90712,9186.0,20,510,4.8843137254901965,3.3,5.0,20,18828,4.342054387083067,3.5,4.7,14,358,4.320111731843575,3.5,5.0,20,264,4.789015151515152,4.2,5.0,30,159,3.723270440251573,1.0,5.0,2025,Municipios,724.0,Hoyo de Manzanares,324,,2024,Municipios,724.0,Hoyo de Manzanares,3.54,,2016,Municipios,724,Hoyo de Manzanares,36.584,,20,174,137,1236,1253,889,3709,3520,1.0,
730,Humanes de Madrid,40.24954,-3.827206,675.6912,20054.0,0,3,40.24954,-3.827206,20054.0,20,3878,4.2178442496132025,3.7,5.0,20,13942,3.9778152345431055,3.6,4.6,20,1443,4.2710325710325705,2.8,5.0,20,318,4.205345911949685,2.5,5.0,33,1586,3.4418663303909205,1.0,5.0,2025,Municipios,730.0,Humanes de Madrid,1100,,2024,Municipios,730.0,Humanes de Madrid,5.89,,2016,Municipios,730,Humanes de Madrid,31.246,,14,861,1107,2074,2024,2892,8972,10598,0.0,118.586
758,Loeches,40.38393,-3.409393,639.8891,9253.0,0,2,40.38393,-3.409393,9253.0,20,1490,4.474228187919463,3.5,5.0,20,8727,4.312489973645009,3.8,4.7,20,975,4.266153846153846,3.7,5.0,20,61,4.732786885245901,3.8,5.0,24,12,4.075,3.0,5.0,2025,Municipios,758.0,Loeches,424,,2024,Municipios,758.0,Loeches,4.91,,2016,Municipios,758,Loeches,28.433,,11,283,681,885,898,1370,4128,2338,1.0,
761,Lozoya,40.9515,-3.791897,1111.051,620.0,0,16,40.9515,-3.791897,620.0,1,0,,,,20,10995,4.313969986357436,3.4,5.0,3,43,4.637209302325581,4.3,4.8,6,131,4.7,4.7,4.7,24,16,4.5125,3.0,5.0,2025,Municipios,761.0,Lozoya,29,,2024,Municipios,761.0,Lozoya,4.05,,2016,Municipios,761,Lozoya,85.605,,18,23,18,59,34,45,197,124,0.0,
9015,Lozoyuela-Navas-Sieteiglesias,40.92643,-3.617723,1022.991,1479.0,0,7,40.92643,-3.617723,1479.0,6,265,4.211320754716981,4.0,5.0,20,15257,4.239332765288064,3.8,5.0,5,112,3.994642857142857,3.6,5.0,6,0,,,,27,21,4.666666666666667,3.5,5.0,2025,Municipios,9015.0,Lozoyuela-Navas-Sieteiglesias,70,,2024,Municipios,9015.0,Lozoyuela-Navas-Sieteiglesias,6.0,,2016,Municipios,9015,Lozoyuela-Navas-Sieteiglesias,68.104,,13,51,34,151,84,170,503,576,0.0,
783,Madarcos,41.04731,-3.582663,1057.624,70.0,0,0,41.04731,-3.582663,70.0,1,0,,,,20,8455,4.453199290360733,3.8,4.8,3,7,5.0,5.0,5.0,4,7,5.0,5.0,5.0,32,31,4.529032258064516,2.0,5.0,2025,Municipios,783.0,Madarcos,1,,2024,Municipios,783.0,Madarcos,1.43,,2016,Municipios,783,Madarcos,92.498,,3,2,1,11,5,8,30,0,0.0,
822,Manzanares el Real,40.72705,-3.864914,917.528,9539.0,1,2,40.72705,-3.864914,9539.0,14,441,4.898412698412698,4.0,5.0,20,12057,4.18435763456913,3.7,4.8,6,179,4.124022346368715,3.4,4.7,16,51,4.868627450980392,3.7,5.0,23,40,4.355,2.5,5.0,2025,Municipios,822.0,Manzanares el Real,411,,2024,Municipios,822.0,Manzanares el Real,3.94,,2016,Municipios,822,Manzanares el Real,51.894,,29,281,220,1304,1043,928,3805,1578,4.0,
838,Meco,40.5542,-3.328439,670.2038,15812.0,1,3,40.5542,-3.328439,15812.0,20,2871,4.409369557645419,3.3,5.0,20,23786,3.833078281341967,3.5,4.5,20,1363,4.423550990462215,3.8,5.0,20,248,4.726209677419355,3.7,4.9,25,225,3.2444444444444445,2.2,5.0,2025,Municipios,838.0,Meco,662,,2024,Municipios,838.0,Meco,4.3,,2016,Municipios,838,Meco,48.983,,28,439,759,1612,1465,1921,6224,5326,1.0,121.49
843,Mejorada del Campo,40.39701,-3.487864,580.1962,24632.0,0,3,40.39701,-3.487864,24632.0,20,4509,4.286538035041029,3.5,5.0,20,15855,4.094626300851466,3.4,4.6,20,1103,4.158839528558477,3.5,5.0,20,276,4.527536231884059,3.8,5.0,33,1265,3.769960474308301,1.0,5.0,2025,Municipios,843.0,Mejorada del Campo,1194,,2024,Municipios,843.0,Mejorada del Campo,5.32,,2016,Municipios,843,Mejorada del Campo,21.041,,7,956,1496,2385,2366,3922,11132,8912,2.0,116.45
856,Miraflores de la Sierra,40.81381,-3.766699,1149.553,7209.0,0,4,40.81381,-3.766699,7209.0,11,311,4.588745980707396,4.0,5.0,20,12366,4.305256348051109,3.7,4.7,9,395,4.2893670886075945,3.6,4.8,20,521,4.913243761996162,4.9,5.0,21,11,3.627272727272727,1.0,5.0,2025,Municipios,856.0,Miraflores de la Sierra,348,,2024,Municipios,856.0,Miraflores de la Sierra,5.1,,2016,Municipios,856,Miraflores de la Sierra,55.446,,34,271,168,878,720,808,2879,1380,0.0,
869,Molar (El),40.73291,-3.582258,819.3329,10079.0,1,2,40.73291,-3.582258,10079.0,18,1016,4.711712598425197,3.0,5.0,20,10742,4.224790541798548,3.2,4.7,10,393,4.091094147582696,3.5,5.0,20,200,4.7875,4.3,5.0,25,43,4.27906976744186,3.4,5.0,2025,Municipios,869.0,Molar (El),468,,2024,Municipios,869.0,Molar (El),4.81,,2016,Municipios,869,Molar (El),43.648,,23,322,436,1013,989,1211,3994,3944,1.0,
875,Molinos (Los),40.71456,-4.072706,1046.887,4812.0,0,4,40.71456,-4.072706,4812.0,20,485,4.70041237113402,3.0,5.0,20,28492,4.478576442510179,3.8,4.7,14,493,4.105070993914807,2.7,4.9,20,54,4.814814814814815,4.5,5.0,26,334,4.06497005988024,1.0,5.0,2025,Municipios,875.0,Molinos (Los),219,,2024,Municipios,875.0,Molinos (Los),4.1,,2016,Municipios,875,Molinos (Los),55.681,,13,207,95,681,490,520,2006,726,0.0,
881,Montejo de la Sierra,41.05928,-3.530301,1151.855,374.0,0,27,41.05928,-3.530301,374.0,1,0,,,,14,6322,4.381445745017399,3.8,4.8,2,4,5.0,5.0,5.0,2,7,5.0,5.0,5.0,27,33,4.690909090909091,2.0,5.0,2025,Municipios,881.0,Montejo de la Sierra,11,,2024,Municipios,881.0,Montejo de la Sierra,2.14,,2016,Municipios,881,Montejo de la Sierra,87.651,,5,8,5,63,12,20,113,26,0.0,
894,Moraleja de Enmedio,40.26033,-3.861412,682.4211,5630.0,0,2,40.26033,-3.861412,5630.0,20,5834,3.861450119986288,3.3,5.0,20,20853,4.05846640771112,3.5,4.5,20,1337,4.290875093492895,2.8,5.0,20,455,4.188351648351648,2.5,5.0,35,1205,3.828464730290456,1.0,5.0,2025,Municipios,894.0,Moraleja de Enmedio,221,,2024,Municipios,894.0,Moraleja de Enmedio,4.12,,2016,Municipios,894,Moraleja de Enmedio,27.17,,11,205,352,657,502,757,2484,1344,0.0,
908,Moralzarzal,40.68117,-3.97335,982.0547,14504.0,0,2,40.68117,-3.97335,14504.0,20,3541,4.26469923750353,3.6,5.0,20,17951,4.388697008523203,3.5,4.9,20,1185,3.8536708860759497,1.8,5.0,20,123,4.805691056910569,4.5,5.0,31,454,3.6894273127753294,1.0,5.0,2025,Municipios,908.0,Moralzarzal,530,,2024,Municipios,908.0,Moralzarzal,3.55,,2016,Municipios,908,Moralzarzal,46.641,,25,334,257,1924,1778,1503,5821,7932,0.0,114.599
915,Morata de Tajuña,40.22751,-3.436966,559.4251,8294.0,0,2,40.22751,-3.436966,8294.0,2,41,4.224390243902438,3.2,4.4,20,16104,4.057563338301043,3.3,5.0,2,52,4.726923076923077,4.6,4.8,5,0,,,,21,11,3.4545454545454546,1.0,5.0,2025,Municipios,915.0,Morata de Tajuña,459,,2024,Municipios,915.0,Morata de Tajuña,5.49,,2016,Municipios,915,Morata de Tajuña,34.745,,70,308,513,858,613,991,3353,2360,0.0,
936,Navacerrada,40.72893,-4.0151,1193.742,3307.0,0,3,40.72893,-4.0151,3307.0,20,478,4.827196652719666,4.3,5.0,20,23372,4.460371384562725,3.7,4.9,15,509,3.862278978388998,2.6,5.0,20,60,4.845,4.6,5.0,26,342,4.066959064327485,2.3,5.0,2025,Municipios,936.0,Navacerrada,127,,2024,Municipios,936.0,Navacerrada,3.56,,2016,Municipios,936,Navacerrada,52.561,,3,92,49,389,312,419,1264,684,0.0,
941,Navalafuente,40.82451,-3.673573,906.057,1703.0,0,6,40.82451,-3.673573,1703.0,9,362,4.218232044198895,3.9,5.0,20,11396,4.244190944190945,3.8,4.9,10,271,4.257195571955719,3.6,4.8,20,503,4.906361829025845,4.9,5.0,26,15,4.413333333333333,3.0,5.0,2025,Municipios,941.0,Navalafuente,116,,2024,Municipios,941.0,Navalafuente,6.34,,2016,Municipios,941,Navalafuente,59.831,,23,53,45,216,167,164,668,42,0.0,
954,Navalagamella,40.46916,-4.12338,759.7007,3119.0,0,3,40.46916,-4.12338,3119.0,13,441,4.789342403628118,4.5,5.0,20,5007,4.290932694228082,3.6,4.9,6,298,4.08758389261745,3.5,4.8,17,45,4.788888888888888,4.3,5.0,23,14,4.428571428571429,3.0,5.0,2025,Municipios,954.0,Navalagamella,181,,2024,Municipios,954.0,Navalagamella,5.82,,2016,Municipios,954,Navalagamella,56.822,,15,89,50,382,273,317,1126,426,0.0,
967,Navalcarnero,40.28781,-4.013766,672.8241,32684.0,0,3,40.28781,-4.013766,32684.0,20,2916,4.5156721536351165,3.8,5.0,20,12745,4.077551981169087,3.2,4.7,20,910,4.2820879120879125,3.5,5.0,20,92,4.6891304347826095,4.4,5.0,23,84,4.291666666666666,2.0,4.5,2025,Municipios,967.0,Navalcarnero,1537,,2024,Municipios,967.0,Navalcarnero,5.06,,2016,Municipios,967,Navalcarnero,36.609,,58,1117,944,4114,3024,3797,13054,16128,3.0,121.807
973,Navarredonda y San Mamés,40.99078,-3.726047,1219.314,154.0,0,0,40.99078,-3.726047,154.0,0,0,,,,16,6029,4.316337701111295,3.3,5.0,2,22,4.663636363636363,4.2,4.8,4,46,5.0,5.0,5.0,24,2,3.0,1.0,5.0,2025,Municipios,973.0,Navarredonda y San Mamés,8,,2024,Municipios,973.0,Navarredonda y San Mamés,3.31,,2016,Municipios,973,Navarredonda y San Mamés,85.319,,3,4,1,13,9,7,37,0,0.0,
992,Navas del Rey,40.38501,-4.250652,717.2259,3344.0,3,6,40.38501,-4.250652,3344.0,5,130,4.71076923076923,4.0,5.0,20,9511,4.346093996425192,3.9,5.0,5,58,4.205172413793103,3.5,4.6,13,1280,4.756796875000001,4.7,5.0,23,42,4.1119047619047615,1.0,5.0,2025,Municipios,992.0,Navas del Rey,203,,2024,Municipios,992.0,Navas del Rey,6.21,,2016,Municipios,992,Navas del Rey,60.506,,24,155,104,318,211,310,1122,916,1.0,
1006,Nuevo Baztán,40.36552,-3.243183,834.9736,7393.0,0,3,40.36552,-3.243183,7393.0,4,10,4.6,4.6,4.6,20,5848,3.955848153214775,3.2,4.8,7,159,4.648427672955975,3.4,4.9,13,19,4.578947368421052,4.5,5.0,22,8,3.375,3.0,5.0,2025,Municipios,1006.0,Nuevo Baztán,397,,2024,Municipios,1006.0,Nuevo Baztán,5.41,,2016,Municipios,1006,Nuevo Baztán,48.3,,9,234,249,665,583,851,2591,2932,2.0,
1013,Olmeda de las Fuentes,40.36943,-3.221704,785.2642,409.0,0,25,40.36943,-3.221704,409.0,3,0,,,,20,6223,4.003374578177729,3.2,4.8,7,132,4.620454545454545,3.4,4.9,12,29,4.724137931034483,4.5,5.0,22,9,3.555555555555556,3.0,5.0,2025,Municipios,1013.0,Olmeda de las Fuentes,27,,2024,Municipios,1013.0,Olmeda de las Fuentes,3.92,,2016,Municipios,1013,Olmeda de las Fuentes,53.406,,8,12,10,55,27,37,149,18,0.0,
1028,Orusco de Tajuña,40.28515,-3.208557,662.3139,1504.0,0,7,40.28515,-3.208557,1504.0,1,0,,,,11,3328,4.490474759615384,3.5,5.0,5,88,4.902272727272728,4.9,5.0,9,2,5.0,5.0,5.0,20,14,4.635714285714286,4.0,5.0,2025,Municipios,1028.0,Orusco de Tajuña,100,,2024,Municipios,1028.0,Orusco de Tajuña,6.49,,2016,Municipios,1028,Orusco de Tajuña,57.456,,4,46,74,165,107,128,524,540,0.0,
1049,Paracuellos de Jarama,40.50481,-3.53227,692.0413,27241.0,0,2,40.50481,-3.53227,27241.0,20,3875,4.30141935483871,3.0,5.0,20,20578,4.052463796287298,2.9,4.9,20,1359,4.323178807947021,3.0,4.8,20,805,4.581366459627329,3.7,5.0,32,2033,3.954058042302016,2.5,4.5,2025,Municipios,1049.0,Paracuellos de Jarama,817,,2024,Municipios,1049.0,Paracuellos de Jarama,3.01,,2016,Municipios,1049,Paracuellos de Jarama,24.676,,12,584,866,2538,3764,3630,11394,14792,1.0,116.468
1071,Patones,40.85573,-3.48511,713.0287,604.0,0,17,40.85573,-3.48511,604.0,3,277,4.356678700361011,3.9,5.0,20,13352,4.190166267225885,3.7,5.0,4,100,4.09,3.7,4.9,13,18,4.905555555555556,4.9,5.0,20,38,4.494736842105263,4.1,5.0,2025,Municipios,1071.0,Patones,20,,2024,Municipios,1071.0,Patones,3.82,,2016,Municipios,1071,Patones,65.895,,2,13,40,51,15,32,153,318,2.0,
1087,Pedrezuela,40.74369,-3.603798,869.5692,6475.0,0,2,40.74369,-3.603798,6475.0,11,550,4.813636363636364,3.9,5.0,20,12254,4.285645503509058,3.2,4.7,5,195,4.2215384615384615,3.6,4.4,16,178,4.810112359550561,4.3,5.0,27,22,4.468181818181819,3.0,5.0,2025,Municipios,1087.0,Pedrezuela,293,,2024,Municipios,1087.0,Pedrezuela,4.82,,2016,Municipios,1087,Pedrezuela,45.794,,8,198,215,681,730,702,2534,1356,0.0,
1090,Pelayos de la Presa,40.35954,-4.334138,561.4791,3106.0,0,3,40.35954,-4.334138,3106.0,9,178,4.899438202247191,4.0,5.0,20,13393,4.167206749794668,1.5,5.0,5,221,3.9714932126696834,1.0,4.4,12,140,4.503571428571429,4.5,5.0,21,31,3.916129032258065,1.0,5.0,2025,Municipios,1090.0,Pelayos de la Presa,247,,2024,Municipios,1090.0,Pelayos de la Presa,7.59,,2016,Municipios,1090,Pelayos de la Presa,71.93,,7,117,47,313,219,270,973,504,1.0,
1104,Perales de Tajuña,40.23453,-3.352198,577.9905,3195.0,3,3,40.23453,-3.352198,3195.0,1,0,,,,16,13669,3.938795815348599,2.5,5.0,2,68,4.699999999999999,4.7,4.7,3,0,,,,22,19,4.163157894736842,2.0,5.0,2025,Municipios,1104.0,Perales de Tajuña,233,,2024,Municipios,1104.0,Perales de Tajuña,7.51,,2016,Municipios,1104,Perales de Tajuña,40.166,,7,127,147,312,236,375,1204,500,2.0,
1111,Pezuela de las Torres,40.41869,-3.177605,855.1563,990.0,0,10,40.41869,-3.177605,990.0,4,27,4.933333333333333,4.9,5.0,11,2741,4.257059467347683,3.4,4.7,6,125,4.2784,3.4,4.9,7,11,5.0,5.0,5.0,10,21,4.571428571428571,3.0,5.0,2025,Municipios,1111.0,Pezuela de las Torres,40,,2024,Municipios,1111.0,Pezuela de las Torres,4.55,,2016,Municipios,1111,Pezuela de las Torres,51.574,,11,21,36,71,58,91,288,46,1.0,
1126,Pinilla del Valle,40.9262,-3.819392,1097.138,199.0,0,50,40.9262,-3.819392,199.0,1,0,,,,20,16429,4.343532777405807,3.4,4.6,3,41,4.190243902439025,3.6,4.7,7,131,4.7,4.7,4.7,21,32,4.459375,2.0,5.0,2025,Municipios,1126.0,Pinilla del Valle,5,,2024,Municipios,1126.0,Pinilla del Valle,4.0,,2016,Municipios,1126,Pinilla del Valle,91.312,,5,2,8,15,17,15,62,0,1.0,
1147,Piñuécar-Gandullas,41.03265,-3.599468,1063.421,185.0,0,0,41.03265,-3.599468,185.0,2,0,,,,20,15604,4.130447321199692,3.0,4.7,5,54,2.925925925925926,2.6,5.0,10,53,5.0,5.0,5.0,35,70,4.462857142857143,2.0,5.0,2025,Municipios,1147.0,Piñuécar-Gandullas,7,,2024,Municipios,1147.0,Piñuécar-Gandullas,3.78,,2016,Municipios,1147,Piñuécar-Gandullas,83.028,,6,6,6,28,14,15,75,0,0.0,
1163,Pozuelo del Rey,40.36622,-3.321994,807.1237,1302.0,0,8,40.36622,-3.321994,1302.0,9,260,4.201153846153846,3.5,5.0,20,4567,4.063849354061748,3.2,4.8,10,263,4.480608365019012,3.5,4.9,14,34,4.658823529411765,4.5,5.0,23,8,3.6375,1.0,5.0,2025,Municipios,1163.0,Pozuelo del Rey,72,,2024,Municipios,1163.0,Pozuelo del Rey,5.57,,2016,Municipios,1163,Pozuelo del Rey,41.51,,11,43,70,106,97,163,490,32,1.0,
1179,Prádena del Rincón,41.04411,-3.540921,1114.976,139.0,0,0,41.04411,-3.540921,139.0,1,0,,,,15,6246,4.453666346461736,3.8,4.8,2,4,5.0,5.0,5.0,2,7,5.0,5.0,5.0,29,31,4.670967741935484,2.0,5.0,2025,Municipios,1179.0,Prádena del Rincón,6,,2024,Municipios,1179.0,Prádena del Rincón,1.44,,2016,Municipios,1179,Prádena del Rincón,85.383,,7,5,5,27,3,8,55,0,1.0,
1185,Puebla de la Sierra,41.01208,-3.444847,1160.507,93.0,0,0,41.01208,-3.444847,93.0,0,0,,,,1,64,4.7,4.7,4.7,0,0,,,,1,0,,,,1,0,,,,2025,Municipios,1185.0,Puebla de la Sierra,3,,2024,Municipios,1185.0,Puebla de la Sierra,3.23,,2016,Municipios,1185,Puebla de la Sierra,103.62,,4,2,3,4,1,5,19,0,0.0,
9020,Puentes Viejas,40.99496,-3.550907,1065.958,774.0,0,13,40.99496,-3.550907,774.0,0,0,,,,12,3873,4.505344694035631,4.0,4.8,1,15,5.0,5.0,5.0,1,7,5.0,5.0,5.0,29,7,4.714285714285714,4.0,5.0,2025,Municipios,9020.0,Puentes Viejas,24,,2024,Municipios,9020.0,Puentes Viejas,4.13,,2016,Municipios,9020,Puentes Viejas,75.189,,9,15,13,94,49,74,254,0,1.0,
1198,Quijorna,40.42656,-4.057429,574.5786,3987.0,0,2,40.42656,-4.057429,3987.0,20,1459,4.45654557916381,3.6,5.0,20,13290,4.277494356659142,3.1,4.5,12,707,4.354738330975955,3.0,4.9,20,493,4.566125760649087,4.2,5.0,25,8,4.25,1.0,5.0,2025,Municipios,1198.0,Quijorna,147,,2024,Municipios,1198.0,Quijorna,4.0,,2016,Municipios,1198,Quijorna,45.968,,15,108,81,601,423,463,1691,424,0.0,
1202,Rascafría,40.90381,-3.879398,1157.038,1712.0,6,6,40.90381,-3.879398,1712.0,1,0,,,,20,17725,4.401528913963328,3.8,4.7,2,30,4.15,3.6,4.7,3,0,,,,21,38,4.436842105263158,2.0,5.0,2025,Municipios,1202.0,Rascafría,69,,2024,Municipios,1202.0,Rascafría,4.22,,2016,Municipios,1202,Rascafría,95.391,,43,70,44,171,106,237,671,236,1.0,
1219,Redueña,40.8163,-3.603684,823.9578,292.0,0,35,40.8163,-3.603684,292.0,13,963,4.565524402907581,3.9,5.0,20,17534,4.06401277517965,3.8,4.9,8,227,3.953303964757709,3.6,4.4,16,4,5.0,5.0,5.0,27,25,3.756,1.0,5.0,2025,Municipios,1219.0,Redueña,10,,2024,Municipios,1219.0,Redueña,2.08,,2016,Municipios,1219,Redueña,56.05,,2,8,24,39,25,30,128,18,0.0,
1224,Ribatejada,40.6665,-3.392131,761.6322,911.0,0,11,40.6665,-3.392131,911.0,18,1027,4.713242453748784,2.8,5.0,20,5662,4.026368774284705,3.2,5.0,17,573,4.435776614310647,3.5,5.0,20,50,4.904,4.7,5.0,24,17,4.241176470588235,3.5,5.0,2025,Municipios,1224.0,Ribatejada,61,,2024,Municipios,1224.0,Ribatejada,5.56,,2016,Municipios,1224,Ribatejada,51.73,,4,33,37,54,75,89,292,110,1.0,
1245,Robledillo de la Jara,40.95299,-3.525749,1017.706,132.0,0,0,40.95299,-3.525749,132.0,1,0,,,,13,7679,4.363029040239614,4.2,4.6,1,15,5.0,5.0,5.0,0,0,,,,27,14,4.585714285714286,4.0,5.0,2025,Municipios,1245.0,Robledillo de la Jara,9,,2024,Municipios,1245.0,Robledillo de la Jara,6.87,,2016,Municipios,1245,Robledillo de la Jara,79.092,,0,4,3,16,6,9,38,0,0.0,
1258,Robledo de Chavela,40.50089,-4.238043,893.4601,4763.0,2,4,40.50089,-4.238043,4763.0,7,129,4.550387596899225,4.4,5.0,20,6703,4.302401909592719,3.8,4.9,4,90,4.319999999999999,3.9,4.5,6,1,5.0,5.0,5.0,22,32,3.90625,3.0,4.0,2025,Municipios,1258.0,Robledo de Chavela,278,,2024,Municipios,1258.0,Robledo de Chavela,5.74,,2016,Municipios,1258,Robledo de Chavela,74.92,,50,147,63,563,405,398,1626,992,2.0,
1261,Robregordo,41.10658,-3.593292,1297.608,73.0,0,0,41.10658,-3.593292,73.0,0,0,,,,6,3748,4.113393810032017,3.8,4.6,0,0,,,,2,7,5.0,5.0,5.0,24,11,4.636363636363637,3.0,5.0,2025,Municipios,1261.0,Robregordo,6,,2024,Municipios,1261.0,Robregordo,6.85,,2016,Municipios,1261,Robregordo,89.533,,1,2,0,2,2,9,16,0,0.0,
1283,Rozas de Puerto Real,40.31007,-4.490765,876.1035,581.0,0,17,40.31007,-4.490765,581.0,2,10,3.88,1.0,4.6,20,5547,4.225725617450874,3.9,5.0,3,48,2.725,2.0,3.3,10,4,4.8,4.8,4.8,22,9,4.344444444444445,3.0,5.0,2025,Municipios,1283.0,Rozas de Puerto Real,30,,2024,Municipios,1283.0,Rozas de Puerto Real,7.41,,2016,Municipios,1283,Rozas de Puerto Real,92.193,,7,11,5,72,15,25,135,330,0.0,
1296,San Agustín del Guadalix,40.67867,-3.615861,667.7155,13849.0,0,1,40.67867,-3.615861,13849.0,15,486,4.684567901234568,3.0,5.0,20,15408,4.125681464174455,3.0,4.7,6,381,3.490551181102362,2.6,5.0,14,263,4.82851711026616,4.2,5.0,21,20,4.090000000000001,2.3,5.0,2025,Municipios,1296.0,San Agustín del Guadalix,503,,2024,Municipios,1296.0,San Agustín del Guadalix,3.65,,2016,Municipios,1296,San Agustín del Guadalix,36.132,,16,305,634,1512,2092,1768,6327,4738,0.0,116.155
1300,San Fernando de Henares,40.42553,-3.536694,591.3853,38969.0,1,3,40.42553,-3.536694,38969.0,20,68031,4.290248563155032,3.5,5.0,20,30547,4.177366026123678,3.4,4.6,20,61191,4.297748034841725,3.0,5.0,20,682,4.585923753665688,3.7,5.0,58,4669,3.987149282501606,1.0,5.0,2025,Municipios,1300.0,San Fernando de Henares,1807,,2024,Municipios,1300.0,San Fernando de Henares,4.91,,2016,Municipios,1300,San Fernando de Henares,18.348,,10,1364,1809,4813,5117,6609,19722,16742,2.0,112.163
1317,San Lorenzo de El Escorial,40.59167,-4.149123,1052.468,18772.0,1,3,40.59167,-4.149123,18772.0,20,907,4.718853362734289,4.0,5.0,20,29089,4.136113307435799,3.2,4.9,12,501,4.406986027944111,3.6,5.0,20,176,4.403977272727272,3.9,5.0,25,390,3.981538461538461,1.0,5.0,2025,Municipios,1317.0,San Lorenzo de El Escorial,677,,2024,Municipios,1317.0,San Lorenzo de El Escorial,3.85,,2016,Municipios,1317,San Lorenzo de El Escorial,62.624,,38,371,284,2988,2224,2027,7932,9744,4.0,118.689
1322,San Martín de la Vega,40.2078,-3.568544,517.0689,20664.0,0,3,40.2078,-3.568544,20664.0,14,756,4.249603174603174,3.6,5.0,20,15106,3.559095723553556,2.0,4.6,11,410,3.864146341463415,3.3,5.0,20,420,4.576428571428571,3.0,5.0,21,116,2.872413793103448,2.8,5.0,2025,Municipios,1322.0,San Martín de la Vega,1159,,2024,Municipios,1322.0,San Martín de la Vega,5.74,,2016,Municipios,1322,San Martín de la Vega,30.402,,68,838,841,1962,2052,2958,8719,8308,1.0,113.92
1338,San Martín de Valdeiglesias,40.36174,-4.397521,677.8516,9120.0,1,3,40.36174,-4.397521,9120.0,9,178,4.899438202247191,4.0,5.0,20,10187,4.197830568371455,3.9,5.0,5,221,3.9714932126696834,1.0,4.4,12,140,4.503571428571429,4.5,5.0,21,36,4.041666666666667,3.0,4.7,2025,Municipios,1338.0,San Martín de Valdeiglesias,585,,2024,Municipios,1338.0,San Martín de Valdeiglesias,6.76,,2016,Municipios,1338,San Martín de Valdeiglesias,78.77,,38,372,171,1263,558,799,3201,4586,1.0,
1356,Santa María de la Alameda,40.5957,-4.257937,1411.015,1516.0,0,7,40.5957,-4.257937,1516.0,4,40,4.907500000000001,4.9,5.0,20,9860,4.286166328600406,2.0,5.0,4,59,4.079661016949152,3.3,4.8,9,5,3.8,3.8,3.8,23,113,4.260176991150442,4.0,5.0,2025,Municipios,1356.0,Santa María de la Alameda,115,,2024,Municipios,1356.0,Santa María de la Alameda,7.65,,2016,Municipios,1356,Santa María de la Alameda,70.111,,26,64,34,153,98,119,494,14,0.0,
1369,Santorcaz,40.47216,-3.233114,864.0168,998.0,0,10,40.47216,-3.233114,998.0,13,447,4.30648769574944,3.9,5.0,20,8544,4.294487359550562,3.4,4.6,8,154,4.323376623376623,3.4,5.0,10,27,4.777777777777778,4.4,5.0,21,22,3.8681818181818177,1.0,5.0,2025,Municipios,1369.0,Santorcaz,51,,2024,Municipios,1369.0,Santorcaz,5.91,,2016,Municipios,1369,Santorcaz,45.724,,5,28,42,111,69,93,348,362,4.0,
1375,Santos de la Humosa (Los),40.50191,-3.254799,875.056,2797.0,0,4,40.50191,-3.254799,2797.0,16,891,4.670707070707072,4.0,5.0,20,17302,4.175465264131316,3.7,4.6,10,280,4.276785714285714,3.4,5.0,19,220,4.463636363636363,3.5,5.0,25,272,3.047794117647059,1.0,5.0,2025,Municipios,1375.0,Santos de la Humosa (Los),132,,2024,Municipios,1375.0,Santos de la Humosa (Los),4.56,,2016,Municipios,1375,Santos de la Humosa (Los),46.496,,4,58,144,225,227,314,972,566,0.0,
1381,Serna del Monte (La),41.02979,-3.625026,1072.925,105.0,0,0,41.02979,-3.625026,105.0,1,0,,,,20,15305,4.017236197321137,2.8,4.7,3,53,2.8867924528301887,2.6,5.0,9,53,5.0,5.0,5.0,33,63,4.428571428571429,3.0,5.0,2025,Municipios,1381.0,Serna del Monte (La),5,,2024,Municipios,1381.0,Serna del Monte (La),5.71,,2016,Municipios,1381,Serna del Monte (La),80.844,,5,1,0,11,5,12,34,0,0.0,
1408,Serranillos del Valle,40.20465,-3.885819,650.8673,4632.0,0,4,40.20465,-3.885819,4632.0,20,1397,4.340586972083036,3.9,5.0,20,14464,4.299038993362832,2.8,4.8,19,567,4.52962962962963,4.1,5.0,20,190,4.663684210526316,4.3,5.0,21,10,3.5,1.0,5.0,2025,Municipios,1408.0,Serranillos del Valle,183,,2024,Municipios,1408.0,Serranillos del Valle,4.16,,2016,Municipios,1408,Serranillos del Valle,35.694,,4,175,218,488,423,626,1934,790,0.0,
1415,Sevilla la Nueva,40.34781,-4.027501,674.3175,9694.0,0,4,40.34781,-4.027501,9694.0,20,1820,4.756428571428572,4.0,5.0,20,10955,4.299388407120037,3.1,4.7,20,942,4.376433121019109,3.7,5.0,20,196,4.728571428571429,3.0,4.8,25,14,3.6357142857142857,1.0,5.0,2025,Municipios,1415.0,Sevilla la Nueva,374,,2024,Municipios,1415.0,Sevilla la Nueva,3.99,,2016,Municipios,1415,Sevilla la Nueva,42.875,,11,311,278,1313,1175,1171,4259,4484,0.0,
1436,Somosierra,41.13312,-3.581837,1436.419,98.0,0,0,41.13312,-3.581837,98.0,1,0,,,,7,7198,4.050319533203667,3.9,4.6,0,0,,,,1,0,,,,17,10,4.5,3.0,5.0,2025,Municipios,1436.0,Somosierra,5,,2024,Municipios,1436.0,Somosierra,4.21,,2016,Municipios,1436,Somosierra,93.268,,7,1,0,7,8,10,33,0,1.0,
1441,Soto del Real,40.75428,-3.783356,922.4442,9436.0,1,3,40.75428,-3.783356,9436.0,14,396,4.636616161616161,4.0,5.0,20,15849,4.280976717773991,3.4,4.7,6,278,4.220143884892087,3.7,4.6,14,258,4.908527131782946,4.8,5.0,20,10,4.1,3.0,5.0,2025,Municipios,1441.0,Soto del Real,325,,2024,Municipios,1441.0,Soto del Real,3.53,,2016,Municipios,1441,Soto del Real,44.268,,18,219,229,1425,1239,869,3999,7354,0.0,
1454,Talamanca de Jarama,40.74688,-3.513244,655.0905,4526.0,0,4,40.74688,-3.513244,4526.0,11,709,4.729196050775741,3.5,5.0,20,13224,4.236698427102239,3.2,4.7,9,352,4.375852272727272,4.0,4.8,18,191,4.81413612565445,4.3,5.0,24,29,4.203448275862069,2.7,5.0,2025,Municipios,1454.0,Talamanca de Jarama,173,,2024,Municipios,1454.0,Talamanca de Jarama,4.13,,2016,Municipios,1454,Talamanca de Jarama,47.636,,10,104,208,495,436,480,1733,1456,4.0,
1467,Tielmes,40.24457,-3.314466,580.7983,2807.0,0,4,40.24457,-3.314466,2807.0,2,1,5.0,5.0,5.0,20,17941,4.095931107519091,2.5,5.0,5,114,4.732456140350878,4.7,5.0,5,0,,,,22,20,4.105,2.0,5.0,2025,Municipios,1467.0,Tielmes,198,,2024,Municipios,1467.0,Tielmes,7.01,,2016,Municipios,1467,Tielmes,45.405,,22,101,230,301,170,305,1129,546,0.0,
1473,Titulcia,40.13673,-3.570501,514.1019,1393.0,0,7,40.13673,-3.570501,1393.0,10,312,4.511858974358975,1.7,5.0,20,9791,4.1429067510979465,3.0,4.6,9,376,4.137765957446808,2.5,4.7,18,337,4.81246290801187,4.0,5.0,21,223,2.8269058295964125,2.8,5.0,2025,Municipios,1473.0,Titulcia,97,,2024,Municipios,1473.0,Titulcia,6.71,,2016,Municipios,1473,Titulcia,40.449,,5,64,64,153,96,189,571,356,1.0,
1492,Torrejón de la Calzada,40.20154,-3.798929,632.9291,10366.0,0,4,40.20154,-3.798929,10366.0,20,4303,4.161003950732046,3.6,5.0,20,14472,4.050096738529575,3.5,5.0,20,1051,4.09895337773549,1.4,5.0,20,353,4.7954674220963165,3.8,5.0,23,510,3.074117647058824,1.0,5.0,2025,Municipios,1492.0,Torrejón de la Calzada,407,,2024,Municipios,1492.0,Torrejón de la Calzada,4.16,,2016,Municipios,1492,Torrejón de la Calzada,27.728,,10,302,409,1041,837,1419,4018,5522,0.0,
1505,Torrejón de Velasco,40.18713,-3.778751,609.1476,4887.0,0,4,40.18713,-3.778751,4887.0,20,4283,4.163997198225542,3.6,5.0,20,16562,4.009401038521919,3.3,5.0,20,1215,4.051769547325104,1.4,5.0,20,394,4.778426395939087,3.8,5.0,22,416,3.2475961538461537,3.0,5.0,2025,Municipios,1505.0,Torrejón de Velasco,199,,2024,Municipios,1505.0,Torrejón de Velasco,3.94,,2016,Municipios,1505,Torrejón de Velasco,29.513,,29,154,207,527,386,653,1956,2262,2.0,
1512,Torrelaguna,40.82785,-3.538488,742.3256,4992.0,2,2,40.82785,-3.538488,4992.0,7,381,4.411023622047244,3.5,5.0,20,16039,4.082093646736081,3.3,5.0,8,193,4.0093264248704665,3.6,4.9,14,18,4.905555555555556,4.9,5.0,23,16,4.9375,4.5,5.0,2025,Municipios,1512.0,Torrelaguna,235,,2024,Municipios,1512.0,Torrelaguna,4.75,,2016,Municipios,1512,Torrelaguna,60.357,,16,173,304,635,400,505,2033,2574,4.0,
1527,Torrelodones,40.57628,-3.929452,847.145,25250.0,0,3,40.57628,-3.929452,25250.0,20,686,4.876093294460642,4.4,5.0,20,19515,4.301147834998719,3.5,4.7,20,545,4.100183486238532,2.0,5.0,20,371,4.811320754716981,4.2,5.0,35,402,2.9977611940298505,1.3,5.0,2025,Municipios,1527.0,Torrelodones,643,,2024,Municipios,1527.0,Torrelodones,2.59,,2016,Municipios,1527,Torrelodones,30.262,,22,364,399,3367,4333,2268,10753,15440,3.0,116.529
1533,Torremocha de Jarama,40.83705,-3.494407,705.3375,1134.0,0,9,40.83705,-3.494407,1134.0,5,288,4.35,3.5,5.0,20,14230,4.199009135628953,3.7,4.9,5,166,4.054216867469879,3.7,4.9,13,18,4.905555555555556,4.9,5.0,20,12,4.916666666666667,4.5,5.0,2025,Municipios,1533.0,Torremocha de Jarama,43,,2024,Municipios,1533.0,Torremocha de Jarama,3.98,,2016,Municipios,1533,Torremocha de Jarama,64.681,,11,29,36,153,69,47,345,26,1.0,
1548,Torres de la Alameda,40.40473,-3.360132,668.0449,7742.0,1,3,40.40473,-3.360132,7742.0,20,1608,4.518097014925374,3.0,5.0,20,8126,4.300529165641152,3.6,5.0,12,527,4.266034155597724,2.3,4.9,20,54,4.348148148148148,3.7,5.0,25,7,3.2857142857142856,1.0,5.0,2025,Municipios,1548.0,Torres de la Alameda,434,,2024,Municipios,1548.0,Torres de la Alameda,5.68,,2016,Municipios,1548,Torres de la Alameda,37.051,,15,214,602,781,626,1181,3419,3818,0.0,
1551,Valdaracete,40.21115,-3.194556,737.9929,653.0,0,0,40.21115,-3.194556,653.0,0,0,,,,6,2411,4.521360431356283,3.5,5.0,3,18,4.905555555555556,4.9,5.0,5,0,,,,21,10,4.59,4.0,5.0,2025,Municipios,1551.0,Valdaracete,49,,2024,Municipios,1551.0,Valdaracete,7.6,,2016,Municipios,1551,Valdaracete,58.985,,26,20,45,76,37,50,254,434,0.0,
1564,Valdeavero,40.63099,-3.332983,713.679,1817.0,0,5,40.63099,-3.332983,1817.0,10,307,4.554071661237786,2.8,5.0,20,2742,4.194310722100657,3.6,5.0,14,311,4.510610932475885,3.5,5.0,17,59,5.0,5.0,5.0,22,17,4.0588235294117645,1.0,5.0,2025,Municipios,1564.0,Valdeavero,110,,2024,Municipios,1564.0,Valdeavero,5.43,,2016,Municipios,1564,Valdeavero,47.888,,21,60,77,122,148,210,638,198,0.0,
1570,Valdelaguna,40.16192,-3.367249,710.8623,1079.0,0,9,40.16192,-3.367249,1079.0,11,80,4.441249999999999,3.7,5.0,20,24179,4.275123040655114,3.6,4.7,7,105,4.196190476190476,3.2,5.0,15,19,4.605263157894737,4.5,5.0,21,0,,,,2025,Municipios,1570.0,Valdelaguna,69,,2024,Municipios,1570.0,Valdelaguna,6.12,,2016,Municipios,1570,Valdelaguna,50.708,,2,29,45,63,40,71,250,52,0.0,
1586,Valdemanco,40.87252,-3.662956,1133.363,1065.0,0,10,40.87252,-3.662956,1065.0,5,275,4.261818181818182,4.0,5.0,20,18020,4.13723640399556,3.8,4.6,8,205,4.025853658536586,3.6,4.9,11,0,,,,25,12,4.333333333333333,3.5,5.0,2025,Municipios,1586.0,Valdemanco,46,,2024,Municipios,1586.0,Valdemanco,3.61,,2016,Municipios,1586,Valdemanco,65.264,,2,51,46,106,92,103,400,28,0.0,
1599,Valdemaqueda,40.51147,-4.295926,864.9176,836.0,0,12,40.51147,-4.295926,836.0,4,96,4.445833333333334,4.4,4.6,20,5663,4.245364647713226,2.6,4.9,4,92,4.477173913043478,4.3,4.8,5,1,5.0,5.0,5.0,23,100,4.141,4.0,5.0,2025,Municipios,1599.0,Valdemaqueda,72,,2024,Municipios,1599.0,Valdemaqueda,8.16,,2016,Municipios,1599,Valdemaqueda,80.311,,7,62,26,68,66,64,293,12,0.0,
1603,Valdemorillo,40.50208,-4.065841,820.9337,14139.0,0,2,40.50208,-4.065841,14139.0,14,1619,4.878875849289685,4.5,5.0,20,4676,4.316060735671515,2.9,5.0,5,283,4.097526501766785,3.5,4.8,16,112,4.178571428571429,3.9,5.0,22,5,4.0,1.0,5.0,2025,Municipios,1603.0,Valdemorillo,583,,2024,Municipios,1603.0,Valdemorillo,4.57,,2016,Municipios,1603,Valdemorillo,49.031,,32,409,280,1961,1779,1565,6026,6350,0.0,122.014
1625,Valdeolmos-Alalpardo,40.62949,-3.475017,680.2087,4579.0,0,2,40.62949,-3.475017,4579.0,20,895,4.857988826815643,3.3,5.0,20,8123,4.164409700849441,3.2,4.8,14,756,4.477116402116402,3.5,4.9,20,131,4.933587786259541,4.5,5.0,27,18,4.405555555555556,1.0,5.0,2025,Municipios,1625.0,Valdeolmos-Alalpardo,139,,2024,Municipios,1625.0,Valdeolmos-Alalpardo,2.87,,2016,Municipios,1625,Valdeolmos-Alalpardo,37.129,,12,112,181,450,540,570,1865,4204,0.0,
1631,Valdepiélagos,40.76059,-3.465914,744.8907,623.0,0,16,40.76059,-3.465914,623.0,10,357,4.481512605042017,3.5,5.0,20,7514,4.191482565877029,3.3,5.0,8,262,4.443893129770992,4.0,5.0,12,51,4.766666666666668,4.7,4.9,22,42,4.266666666666667,2.7,5.0,2025,Municipios,1631.0,Valdepiélagos,35,,2024,Municipios,1631.0,Valdepiélagos,4.36,,2016,Municipios,1631,Valdepiélagos,51.502,,8,24,39,74,50,71,266,14,0.0,
1646,Valdetorres de Jarama,40.69559,-3.514251,651.753,5050.0,0,6,40.69559,-3.514251,5050.0,12,544,4.500919117647059,4.0,5.0,20,10130,4.07573543928924,3.2,4.6,12,604,4.543708609271522,3.8,5.0,15,171,4.795321637426901,4.7,5.0,21,17,4.217647058823529,3.0,5.0,2025,Municipios,1646.0,Valdetorres de Jarama,288,,2024,Municipios,1646.0,Valdetorres de Jarama,5.53,,2016,Municipios,1646,Valdetorres de Jarama,41.951,,16,193,229,475,510,576,1999,976,1.0,
1659,Valdilecha,40.29548,-3.303884,724.2806,3228.0,0,3,40.29548,-3.303884,3228.0,1,1,5.0,5.0,5.0,17,7784,4.178083247687564,2.5,5.0,2,89,4.699999999999999,4.7,4.7,3,0,,,,20,12,3.4250000000000003,1.0,5.0,2025,Municipios,1659.0,Valdilecha,172,,2024,Municipios,1659.0,Valdilecha,6.22,,2016,Municipios,1659,Valdilecha,45.871,,30,114,214,261,218,468,1305,1128,1.0,
1662,Valverde de Alcalá,40.41972,-3.298921,733.9373,555.0,0,18,40.41972,-3.298921,555.0,17,1177,4.476890399320306,2.3,5.0,20,6850,4.377372262773722,3.8,5.0,11,351,4.339316239316239,2.3,5.0,20,33,4.654545454545455,3.7,5.0,25,14,4.1571428571428575,2.7,5.0,2025,Municipios,1662.0,Valverde de Alcalá,21,,2024,Municipios,1662.0,Valverde de Alcalá,4.52,,2016,Municipios,1662,Valverde de Alcalá,42.548,,6,17,33,37,28,58,179,0,0.0,
1678,Velilla de San Antonio,40.36703,-3.488029,555.8903,14008.0,0,3,40.36703,-3.488029,14008.0,20,2793,4.365377730039384,3.7,5.0,20,19627,3.960819279563866,3.4,4.7,20,12630,4.105384006334125,3.1,5.0,20,697,4.345911047345767,3.8,5.0,29,427,3.655971896955504,1.0,5.0,2025,Municipios,1678.0,Velilla de San Antonio,633,,2024,Municipios,1678.0,Velilla de San Antonio,4.5,,2016,Municipios,1678,Velilla de San Antonio,21.48,,10,393,874,1503,1526,2053,6359,4500,0.0,115.423
1684,Vellón (El),40.76603,-3.582034,894.388,2160.0,0,5,40.76603,-3.582034,2160.0,12,778,4.716966580976864,4.1,5.0,20,12516,4.240244487056568,3.2,4.7,8,258,4.353875968992248,3.6,4.8,18,178,4.810112359550561,4.3,5.0,27,10,4.1,2.0,5.0,2025,Municipios,1684.0,Vellón (El),139,,2024,Municipios,1684.0,Vellón (El),5.82,,2016,Municipios,1684,Vellón (El),48.389,,9,64,126,208,187,210,804,346,1.0,
1697,Venturada,40.79869,-3.622139,883.1885,2577.0,0,4,40.79869,-3.622139,2577.0,11,717,4.553417015341701,3.9,5.0,20,9273,4.143491858082605,3.8,4.9,10,260,4.380769230769231,3.6,4.8,19,54,4.964814814814815,4.9,5.0,29,32,3.909375,1.0,5.0,2025,Municipios,1697.0,Venturada,77,,2024,Municipios,1697.0,Venturada,3.2,,2016,Municipios,1697,Venturada,52.667,,8,46,72,274,338,230,968,620,1.0,
1718,Villa del Prado,40.27678,-4.305642,512.4543,7424.0,1,3,40.27678,-4.305642,7424.0,3,198,3.847979797979798,3.3,5.0,20,4725,4.195640211640212,2.4,5.0,4,156,4.360256410256411,3.4,4.8,7,22,4.954545454545454,4.5,5.0,21,14,4.021428571428571,3.6,5.0,2025,Municipios,1718.0,Villa del Prado,400,,2024,Municipios,1718.0,Villa del Prado,5.07,,2016,Municipios,1718,Villa del Prado,66.911,,232,340,139,1047,387,722,2867,2928,1.0,
1701,Villaconejos,40.10424,-3.484903,635.7664,3487.0,0,3,40.10424,-3.484903,3487.0,5,73,4.423287671232877,3.7,5.0,20,11211,4.397814646329498,3.5,5.0,4,63,4.066666666666666,1.0,4.6,5,4,5.0,5.0,5.0,20,9,4.211111111111111,3.0,5.0,2025,Municipios,1701.0,Villaconejos,220,,2024,Municipios,1701.0,Villaconejos,6.19,,2016,Municipios,1701,Villaconejos,55.549,,94,137,164,302,213,530,1440,728,0.0,
1723,Villalbilla,40.43228,-3.298869,744.6702,17967.0,0,2,40.43228,-3.298869,17967.0,20,1524,4.4086614173228345,2.3,5.0,20,7362,4.368160825862536,3.8,5.0,12,380,4.2905263157894735,2.3,5.0,20,60,4.48,3.7,5.0,25,15,4.213333333333334,2.7,5.0,2025,Municipios,1723.0,Villalbilla,578,,2024,Municipios,1723.0,Villalbilla,3.19,,2016,Municipios,1723,Villalbilla,39.662,,11,404,836,1739,1896,2166,7052,7396,1.0,114.055
1739,Villamanrique de Tajo,40.06812,-3.240428,549.4291,820.0,0,12,40.06812,-3.240428,820.0,0,0,,,,1,307,4.5,4.5,4.5,1,17,3.7,3.7,3.7,1,0,,,,6,0,,,,2025,Municipios,1739.0,Villamanrique de Tajo,65,,2024,Municipios,1739.0,Villamanrique de Tajo,6.91,,2016,Municipios,1739,Villamanrique de Tajo,64.302,,26,20,46,54,39,83,268,14,1.0,
1744,Villamanta,40.29961,-4.110051,550.4752,2855.0,0,4,40.29961,-4.110051,2855.0,5,251,4.860159362549801,4.8,4.9,9,3137,4.347529486770799,4.1,5.0,5,92,4.331521739130435,3.2,5.0,11,120,4.086666666666667,3.0,5.0,23,13,4.230769230769231,1.0,5.0,2025,Municipios,1744.0,Villamanta,161,,2024,Municipios,1744.0,Villamanta,6.34,,2016,Municipios,1744,Villamanta,47.225,,36,134,76,307,224,232,1009,440,0.0,
1757,Villamantilla,40.33805,-4.13056,550.092,1620.0,0,6,40.33805,-4.13056,1620.0,6,234,4.803846153846154,3.0,4.9,17,5523,4.268676443961614,3.9,5.0,4,58,3.7586206896551726,3.2,5.0,13,120,4.086666666666667,3.0,5.0,24,23,4.247826086956521,1.0,5.0,2025,Municipios,1757.0,Villamantilla,93,,2024,Municipios,1757.0,Villamantilla,5.85,,2016,Municipios,1757,Villamantilla,53.9,,9,61,44,221,160,139,634,530,0.0,
1760,Villanueva de la Cañada,40.44681,-4.005355,655.8425,23714.0,0,3,40.44681,-4.005355,23714.0,20,1343,4.430677587490693,3.5,5.0,20,11195,4.260026797677535,3.1,4.6,18,983,4.215361139369279,3.0,4.9,20,597,4.564824120603014,4.2,5.0,27,26,4.473076923076923,3.0,5.0,2025,Municipios,1760.0,Villanueva de la Cañada,658,,2024,Municipios,1760.0,Villanueva de la Cañada,2.84,,2016,Municipios,1760,Villanueva de la Cañada,43.204,,33,434,354,3422,3332,2332,9907,37956,1.0,125.794
1782,Villanueva de Perales,40.34705,-4.101031,594.7557,1718.0,0,6,40.34705,-4.101031,1718.0,10,383,4.867624020887728,4.8,5.0,20,6148,4.293510084580351,3.1,5.0,10,192,4.1375,3.2,5.0,20,271,4.484132841328413,3.0,5.0,24,10,3.9,1.0,5.0,2025,Municipios,1782.0,Villanueva de Perales,95,,2024,Municipios,1782.0,Villanueva de Perales,5.56,,2016,Municipios,1782,Villanueva de Perales,50.249,,12,49,31,238,149,218,697,298,0.0,
1776,Villanueva del Pardillo,40.49063,-3.964322,653.1323,17994.0,0,3,40.49063,-3.964322,17994.0,20,3680,4.50195652173913,3.5,5.0,20,12326,4.017783546973877,2.5,4.6,20,1016,4.103346456692913,2.0,4.9,20,325,4.7092307692307696,3.0,4.9,25,13,3.923076923076923,3.0,5.0,2025,Municipios,1776.0,Villanueva del Pardillo,594,,2024,Municipios,1776.0,Villanueva del Pardillo,3.18,,2016,Municipios,1776,Villanueva del Pardillo,28.83,,18,413,354,2669,2884,2197,8535,9068,0.0,120.56
1795,Villar del Olmo,40.33669,-3.235551,680.3748,2274.0,0,4,40.33669,-3.235551,2274.0,4,0,,,,20,5735,3.9342632955536176,3.2,4.8,6,112,4.571428571428571,3.4,5.0,12,18,4.555555555555555,4.5,5.0,22,9,3.4444444444444446,3.0,5.0,2025,Municipios,1795.0,Villar del Olmo,115,,2024,Municipios,1795.0,Villar del Olmo,4.87,,2016,Municipios,1795,Villar del Olmo,48.941,,4,102,125,307,276,395,1209,10,0.0,
1809,Villarejo de Salvanés,40.16873,-3.275975,759.0782,7887.0,1,3,40.16873,-3.275975,7887.0,4,141,4.657446808510638,4.3,4.9,20,5276,4.325322213798333,2.8,4.7,5,70,4.618571428571428,4.0,5.0,8,22,5.0,5.0,5.0,22,11,4.0,1.0,5.0,2025,Municipios,1809.0,Villarejo de Salvanés,479,,2024,Municipios,1809.0,Villarejo de Salvanés,6.81,,2016,Municipios,1809,Villarejo de Salvanés,50.672,,76,246,760,703,575,801,3161,6210,2.0,
1816,Villaviciosa de Odón,40.3571,-3.90059,647.7311,29294.0,0,3,40.3571,-3.90059,29294.0,20,5433,4.121369409166206,3.6,5.0,20,29705,4.137700723783874,3.4,4.6,20,30173,4.202462466443509,3.5,4.9,20,210,4.755238095238095,1.0,5.0,44,1957,3.8469596320899337,2.0,5.0,2025,Municipios,1816.0,Villaviciosa de Odón,787,,2024,Municipios,1816.0,Villaviciosa de Odón,2.73,,2016,Municipios,1816,Villaviciosa de Odón,26.157,,23,611,797,3611,3886,3203,12131,25688,3.0,119.104
1821,Villavieja del Lozoya,41.00592,-3.671118,1062.474,327.0,0,31,41.00592,-3.671118,327.0,1,0,,,,20,18655,4.109675690163495,3.0,4.9,4,70,3.3514285714285714,2.6,5.0,8,46,5.0,5.0,5.0,32,118,4.517796610169492,3.0,5.0,2025,Municipios,1821.0,Villavieja del Lozoya,13,,2024,Municipios,1821.0,Villavieja del Lozoya,2.78,,2016,Municipios,1821,Villavieja del Lozoya,80.015,,5,13,10,40,22,23,113,38,0.0,
1837,Zarzalejo,40.54749,-4.181604,1105.808,1870.0,0,5,40.54749,-4.181604,1870.0,20,681,4.905286343612334,3.3,5.0,20,24261,4.287679815341495,3.2,4.9,13,467,4.5139186295503215,3.9,5.0,20,133,4.257894736842105,3.9,4.8,26,409,3.9410757946210273,3.0,5.0,2025,Municipios,1837.0,Zarzalejo,124,,2024,Municipios,1837.0,Zarzalejo,7.31,,2016,Municipios,1837,Zarzalejo,65.28,,12,96,40,244,143,130,665,554,0.0,
