cod_municipio,municipio,latitud,longitud,altitud,poblacion,centros_salud_10mil,gym_total_reviews,gym_weighted_avg_rating,gym_rating_min,gym_rating_max,restaurant_total_reviews,restaurant_weighted_avg_rating,restaurant_rating_min,restaurant_rating_max,pharmacy_total_reviews,pharmacy_weighted_avg_rating,pharmacy_rating_min,pharmacy_rating_max,school_total_reviews,school_weighted_avg_rating,school_rating_min,school_rating_max,n_transport,transport_total_reviews,transport_weighted_avg_rating,transport_rating_min,transport_rating_max,distancia_capital,cultura,n_gym_10mil,n_restaurant_10mil,n_pharmacy_10mil,n_school_10mil,paro_total_10mil,afiliados_construcción_10mil,afiliados_agricultura_y_ganadería_10mil,afiliados_minería_industria_y_energía_10mil,afiliados_servicios_a_empresas_y_financieros_10mil,afiliados_servicios_de_distribución_y_hostelería_10mil,afiliados_otros_servicios_10mil,afiliados_total_10mil,alumnos_total_10mil
14,Acebeda (La),41.08697,-3.624634,1266.542,68.0,0,0,4.429228629815559,4.429228629815559,4.429228629815559,4817,4.152875233547851,3.8,4.6,3,0.0,0.0,0.0,7,5.0,5.0,5.0,27,15,4.4,2.0,5.0,88.477,0.0,147.05882352941177,1617.6470588235295,147.05882352941177,441.1764705882353,441.1764705882353,147.05882352941177,0.0,294.11764705882354,1176.4705882352941,1617.6470588235295,1176.4705882352941,4411.764705882353,0.0
29,Ajalvir,40.53437,-3.481002,680.1722,4946.0,0,1563,4.438067818298144,3.0,5.0,32459,4.041634061431345,3.3,4.9,1565,4.458210862619808,3.6,4.9,1426,4.902314165497896,4.8,5.0,24,19,4.321052631578947,3.0,4.8,34.911,0.0,40.43671653861706,40.43671653861706,32.34937323089365,40.43671653861706,357.864941366761,222.40194096239387,30.3275374039628,511.52446421350584,1053.3764658309744,1397.0885564092196,1168.6211079660332,4383.34007278609,2701.1726647796195
35,Alameda del Valle,40.9179,-3.843788,1109.934,256.0,0,0,4.429228629815559,4.429228629815559,4.429228629815559,15485,4.383519535033904,3.4,5.0,41,4.190243902439025,3.6,4.7,131,4.7,4.7,4.7,22,39,4.4,2.0,5.0,92.242,0.0,39.0625,781.25,117.1875,234.375,664.0625,117.1875,156.25,156.25,781.25,1054.6875,1210.9375,3476.5625,0.0
40,Álamo (El),40.22972,-3.992688,606.2238,10413.0,0,2401,4.334069137859225,3.8,5.0,12296,4.242664281067014,3.0,4.7,625,4.3224,3.5,5.0,50,4.806,4.3,5.0,22,12,3.983333333333333,2.0,5.0,42.104,0.0,18.246422740804764,19.206760779794486,13.444732545856143,19.206760779794486,502.2567943916258,356.2854124651878,21.127436857773933,306.3478344377221,742.341304139057,1077.4992797464708,1117.833477384039,3621.4347450302507,4075.6746374723903
88,Aldea del Fresno,40.32399,-4.202217,476.7994,3422.0,0,147,4.696598639455782,3.0,4.8,5831,4.339821642942892,3.9,5.0,92,4.393478260869564,3.8,4.8,719,4.71835883171071,4.0,5.0,24,28,4.228571428571428,3.0,5.0,56.001,0.0,11.689070718877849,58.445353594389246,11.689070718877849,32.144944476914084,596.1426066627703,435.41788427819984,78.90122735242548,204.55873758036236,622.4430157802454,827.0017533606077,993.5710111046171,3161.8936294564583,1654.0035067212154
91,Algete,40.59642,-3.497902,712.8972,21134.0,0,1223,4.753475061324612,1.8,5.0,18232,4.227396884598509,3.4,4.7,767,4.436505867014342,3.8,4.9,167,4.926347305389221,4.8,5.0,28,29,3.768965517241379,1.0,5.0,32.758,1.0,9.463423866754992,9.463423866754992,7.097567900066244,9.463423866754992,359.13693574335196,292.4197974827292,23.65855966688748,439.1028674174316,1440.8062837134476,1359.8940096526924,1079.3034920034067,4635.185009936595,4286.931011640011
105,Alpedrete,40.65875,-4.023713,916.7029,15655.0,0,3702,4.451674770394381,3.6,5.0,30753,4.055262901180373,3.3,4.6,8318,3.999675402741043,1.8,5.0,203,4.78128078817734,4.6,5.0,32,580,3.685689655172414,2.0,5.0,43.979,0.0,12.775471095496647,12.775471095496647,12.775471095496647,12.775471095496647,382.62535931012457,244.65027147876077,7.026509102523155,210.79527307569467,1317.789843500479,1122.3251357393804,1416.799744490578,4319.386777387416,3717.662088789524
112,Ambite,40.3292,-3.181895,667.338,701.0,0,0,4.429228629815559,4.429228629815559,4.429228629815559,7542,4.031012993900822,3.2,4.7,137,4.391970802919708,3.4,5.0,19,4.578947368421052,4.5,5.0,20,9,4.333333333333333,1.0,5.0,54.784,0.0,28.530670470756064,285.30670470756064,85.59201141226819,199.71469329529242,641.9400855920114,342.36804564907277,28.530670470756064,370.89871611982886,684.7360912981455,898.716119828816,1084.1654778887305,3409.4151212553497,370.89871611982886
127,Anchuelo,40.46549,-3.268585,761.7067,1393.0,0,1296,4.452623456790124,2.3,5.0,9229,4.381027196879401,3.9,5.0,270,4.265185185185185,2.9,5.0,436,4.796100917431193,4.1,5.0,21,17,3.835294117647059,1.0,5.0,42.201,0.0,143.57501794687724,143.57501794687724,86.14501076812634,129.21751615218952,488.15506101938263,337.40129217516153,57.4300071787509,531.2275664034458,811.1988513998564,1148.600143575018,818.3776022972003,3704.2354630294326,2368.9877961234747
151,Arroyomolinos,40.26884,-3.920291,597.4142,37299.0,0,4827,3.953345763414129,3.3,5.0,21086,4.039504884757659,2.7,4.5,1136,4.2311619718309865,3.6,5.0,443,4.422573363431151,4.0,5.0,33,178,4.033707865168539,1.0,5.0,31.45,1.0,5.362074050242634,5.362074050242634,5.362074050242634,5.362074050242634,335.6658355451889,275.34250247995925,4.289659240194107,250.14075444381885,1093.5950025469851,1149.896780074533,1174.830424408161,3948.095123193651,5202.820450950428
164,Atazar (El),40.93333,-3.466667,900.2352,107.0,0,0,0.0,0.0,0.0,2035,4.321081081081081,4.1,4.4,0,0.0,0.0,0.0,0,4.735690085449596,4.735690085449596,4.735690085449596,23,25,4.712,4.0,5.0,84.846,0.0,0.0,560.7476635514018,0.0,0.0,934.5794392523364,467.2897196261682,0.0,1028.03738317757,747.6635514018691,654.2056074766355,1121.4953271028037,4018.6915887850464,0.0
170,Batres,40.21029,-3.922307,603.6849,1957.0,0,807,4.4169764560099125,3.9,5.0,14245,4.235500175500176,2.8,4.8,642,4.333956386292835,3.5,5.0,198,4.702525252525253,4.6,5.0,22,20,4.05,3.0,5.0,37.802,2.0,102.19724067450178,102.19724067450178,76.64793050587635,102.19724067450178,419.0086867654573,265.71282575370464,0.0,265.71282575370464,832.9075114971896,950.4343382728666,1083.290751149719,3398.0582524271845,602.9637199795606
186,Becerril de la Sierra,40.71638,-3.989412,1086.586,6553.0,0,2045,4.385916870415648,4.2,5.0,19826,4.435186119237365,3.7,4.9,619,3.743780290791599,2.6,5.0,64,4.8078125,4.6,5.0,28,355,4.0600000000000005,2.3,5.0,50.448,0.0,30.52037234854265,30.52037234854265,25.942316496261252,30.52037234854265,499.0080878986724,375.4005798870746,18.312223409125593,219.7466809095071,1086.5252556081184,1175.034335418892,1200.9766519151533,4075.9957271478715,1941.0956813673129
199,Belmonte de Tajo,40.13364,-3.339654,732.0183,1919.0,0,215,4.586976744186047,3.7,5.0,14356,4.2910420730008365,3.6,5.0,164,4.377439024390244,3.2,5.0,37,4.797297297297297,4.5,5.0,22,6,4.166666666666667,3.5,4.5,57.499,0.0,67.74361646690986,104.22094841063054,52.11047420531527,104.22094841063054,562.7931214174049,422.09484106305365,57.32152162584679,682.64721208963,672.225117248567,922.3553934340803,990.0990099009902,3746.743095362168,1907.2433559145388
210,Berrueco (El),40.88814,-3.561255,937.1234,828.0,0,279,4.250896057347671,4.0,5.0,23612,4.154700999491784,3.8,5.0,87,3.717241379310345,3.6,4.2,0,4.735690085449596,4.735690085449596,4.735690085449596,26,18,4.611111111111111,3.0,5.0,66.347,1.0,84.54106280193236,241.54589371980677,36.231884057971016,96.6183574879227,471.0144927536232,386.4734299516908,24.154589371980673,132.8502415458937,434.7826086956522,809.1787439613527,1086.9565217391305,2874.3961352657007,144.92753623188406
203,Berzosa del Lozoya,40.97594,-3.525082,1079.826,234.0,0,0,0.0,0.0,0.0,2553,4.376694085389738,4.2,4.6,15,0.0,0.0,0.0,0,4.735690085449596,4.735690085449596,4.735690085449596,25,14,4.6571428571428575,4.0,5.0,82.228,0.0,0.0,384.61538461538464,42.73504273504274,0.0,128.2051282051282,299.14529914529913,0.0,213.67521367521368,427.35042735042737,256.4102564102564,1196.5811965811965,2393.162393162393,0.0
231,Boalo (El),40.71746,-3.920084,953.0439,8548.0,0,2107,4.417892738490745,4.0,5.0,15125,4.391312396694215,4.1,4.9,409,3.615403422982885,2.6,5.0,102,4.813725490196078,3.7,5.0,26,53,3.749056603773585,1.0,5.0,55.387,1.0,23.39728591483388,23.39728591483388,12.868507253158633,23.39728591483388,424.66073935423486,340.4305100608329,33.92606457650913,238.65231633130554,1130.0889096864764,1029.4805802526907,1331.3055685540478,4103.883949461862,4597.566682264857
246,Braojos,41.04005,-3.643112,1189.477,219.0,0,0,4.429228629815559,4.429228629815559,4.429228629815559,13919,4.006947338170845,2.8,4.7,53,2.8867924528301887,2.6,5.0,53,5.0,5.0,5.0,32,61,4.442622950819672,3.0,5.0,83.276,0.0,45.662100456621005,913.2420091324201,136.986301369863,410.958904109589,319.634703196347,502.283105022831,273.972602739726,319.634703196347,547.945205479452,958.904109589041,2100.456621004566,4703.196347031963,0.0
259,Brea de Tajo,40.23012,-3.109499,722.8417,567.0,0,1,3.0,3.0,3.0,1012,4.1471343873517785,3.8,4.9,17,4.658823529411765,4.0,4.8,0,4.735690085449596,4.735690085449596,4.735690085449596,15,3,4.666666666666667,4.5,5.0,65.168,1.0,52.910052910052904,141.09347442680775,52.910052910052904,123.45679012345678,599.647266313933,264.55026455026456,158.73015873015873,299.8236331569665,582.010582010582,564.373897707231,1481.4814814814813,3350.970017636684,246.91358024691357
262,Brunete,40.40554,-3.997736,654.7903,11263.0,0,1373,4.4255644573925705,3.6,5.0,12210,4.251056511056511,3.1,4.6,4088,4.070132093933464,3.0,5.0,1131,4.696109637488948,4.2,5.0,25,19,4.257894736842106,2.5,5.0,38.308,1.0,17.757258279321672,17.757258279321672,15.093669537423422,17.757258279321672,352.48157684453525,330.28500399538314,21.308709935186005,197.99342981443664,1167.5397318654,1225.2508212731955,1523.5727603657995,4465.950457249401,4039.7762585456803
278,Buitrago del Lozoya,40.99368,-3.636723,977.8387,1970.0,5,0,4.429228629815559,4.429228629815559,4.429228629815559,15434,4.08755345341454,3.0,4.9,68,3.3529411764705883,2.6,5.0,46,5.0,5.0,5.0,34,122,4.492622950819673,2.0,5.0,76.377,5.0,5.0761421319796955,101.5228426395939,20.304568527918782,35.53299492385787,421.3197969543147,340.1015228426396,106.5989847715736,345.1776649746193,624.3654822335026,1319.7969543147208,1746.1928934010152,4482.233502538071,35157.36040609137
284,Bustarviejo,40.85811,-3.70969,1217.359,2833.0,0,187,4.475935828877005,4.3,5.0,13256,4.3673053711526855,4.1,4.9,150,4.127999999999999,3.6,4.4,452,4.9,4.9,4.9,22,19,4.042105263157895,1.0,5.0,64.721,1.0,17.649135192375574,70.5965407695023,21.17896223085069,42.35792446170138,515.3547476173667,264.7370278856336,49.417578538651604,321.21426050123546,833.039181080127,822.4496999647017,1510.7659724673492,3801.6237204376985,1715.4959406989055
297,Cabanillas de la Sierra,40.81968,-3.626066,921.8676,949.0,0,973,4.4622816032887975,3.9,5.0,16271,4.101155429905967,3.8,4.9,178,4.06123595505618,3.6,4.4,22,4.913636363636364,4.9,5.0,28,30,3.770000000000001,1.0,5.0,55.486,0.0,126.44889357218125,210.7481559536354,84.29926238145416,136.986301369863,305.58482613277135,284.51001053740777,42.14963119072708,273.972602739726,895.6796628029505,1085.3530031612224,1296.1011591148576,3877.7660695468912,4404.63645943098
301,Cabrera (La),40.86399,-3.615572,1040.395,2952.0,3,287,4.2717770034843205,4.0,5.0,17278,4.144762125245978,3.8,4.8,178,4.037640449438202,3.6,4.4,0,4.735690085449596,4.735690085449596,4.735690085449596,26,17,4.352941176470588,1.0,5.0,60.42,1.0,30.48780487804878,67.75067750677508,27.100271002710027,37.262872628726285,518.2926829268292,355.6910569105691,33.87533875338754,220.18970189701895,755.4200542005419,1283.8753387533875,1321.1382113821137,3970.189701897019,7987.804878048781
318,Cadalso de los Vidrios,40.30094,-4.443737,799.9886,3274.0,3,2,1.0,1.0,1.0,5393,4.207417022065641,3.9,5.0,16,2.975,2.0,3.3,0,4.735690085449596,4.735690085449596,4.735690085449596,22,6,4.183333333333334,3.0,5.0,89.965,4.0,3.0543677458766036,61.087354917532075,6.108735491753207,27.48930971288943,671.9609040928527,537.5687232742822,109.95723885155772,241.29505192425168,522.2968845448992,671.9609040928527,1264.508246792914,3347.5870494807573,2687.843616371411
323,Camarma de Esteruelas,40.54861,-3.377597,639.19,8107.0,0,6657,4.208998047168395,3.1,5.0,27626,3.909621371172084,3.5,4.6,1356,4.050811209439528,3.2,4.8,1595,4.837742946708464,3.7,5.0,27,659,3.474810318664644,2.2,5.0,37.479,1.0,24.67003823855927,24.67003823855927,24.67003823855927,24.67003823855927,551.3753546317997,293.5734550388553,6.167509559639817,577.2788947822869,843.715307758727,1383.9891451831752,918.9589243863328,4023.683236709017,4198.8405082027875
339,Campo Real,40.33815,-3.380982,765.6791,6766.0,1,3417,4.296429616622769,3.5,5.0,6933,4.237617193134285,3.4,4.6,767,4.42425032594524,1.0,5.0,154,4.123376623376624,3.2,5.0,26,166,3.5210843373493974,1.0,5.0,34.635,1.0,29.559562518474728,29.559562518474728,29.559562518474728,29.559562518474728,490.6887378066804,329.5891220809932,17.735737511084835,827.6677505172923,870.5291161690807,1383.3875258646171,842.4475317765297,4271.3567839195985,2456.39964528525
344,Canencia,40.90981,-3.737718,1142.31,468.0,0,0,4.429228629815559,4.429228629815559,4.429228629815559,10489,4.309676804271141,3.3,4.7,61,4.273770491803279,3.6,4.9,131,4.7,4.7,4.7,23,14,4.378571428571428,3.7,4.6,82.184,0.0,21.36752136752137,427.35042735042737,85.47008547008548,149.57264957264957,512.8205128205128,299.14529914529913,341.8803418803419,192.30769230769232,470.0854700854701,811.965811965812,897.4358974358975,3012.8205128205127,0.0
357,Carabaña,40.25669,-3.234641,612.9524,2375.0,0,0,4.429228629815559,4.429228629815559,4.429228629815559,7243,4.4059643794008,2.5,5.0,47,4.785106382978723,4.7,5.0,0,4.735690085449596,4.735690085449596,4.735690085449596,21,11,4.354545454545455,3.0,5.0,53.449,0.0,4.210526315789474,63.1578947368421,21.052631578947366,37.89473684210526,534.7368421052632,416.84210526315786,33.684210526315795,416.84210526315786,669.4736842105264,1052.6315789473683,1094.7368421052631,3684.210526315789,1734.7368421052631
360,Casarrubuelos,40.17114,-3.833068,624.7643,4225.0,0,1667,4.714937012597481,3.7,5.0,22152,4.2045232936078,2.8,4.8,1049,4.50838894184938,3.9,5.0,131,4.558778625954199,3.8,5.0,23,67,3.0865671641791046,1.0,4.2,33.936,0.0,47.337278106508876,47.337278106508876,47.337278106508876,47.337278106508876,478.1065088757396,355.0295857988166,11.834319526627219,442.603550295858,795.2662721893491,1216.5680473372781,1010.6508875739645,3831.952662721894,2016.5680473372781
376,Cenicientos,40.26463,-4.464909,778.7822,2141.0,0,2,1.0,1.0,1.0,4452,4.318553459119496,3.8,4.8,16,2.975,2.0,3.3,0,4.735690085449596,4.735690085449596,4.735690085449596,22,11,3.5454545454545454,2.8,5.0,95.124,1.0,4.670714619336758,93.41429238673517,9.341429238673516,37.365716954694065,784.6800560485755,382.99859878561415,144.79215319943953,154.13358243811302,434.37645959831855,873.4236338159739,1144.3250817375058,3134.0495095749648,2120.5044371788886
382,Cercedilla,40.74145,-4.054667,1191.372,7646.0,1,407,4.7842751842751845,4.3,5.0,24102,4.412455397892292,3.7,4.7,315,4.3330158730158725,3.7,5.0,51,4.884313725490196,4.5,5.0,24,283,4.058657243816255,2.3,5.0,57.007,0.0,22.23384776353649,26.15746795710175,15.694480774261052,26.15746795710175,472.14229662568664,357.0494376144389,39.23620193565263,155.63693434475542,902.4326445200105,1055.4538320690556,1671.4622024588018,4181.271252942715,3429.2440491760394
395,Cervera de Buitrago,40.92196,-3.53016,916.3304,161.0,0,0,4.429228629815559,4.429228629815559,4.429228629815559,13079,4.298302622524658,3.9,5.0,21,0.0,0.0,0.0,0,4.735690085449596,4.735690085449596,4.735690085449596,25,16,4.7,4.0,5.0,82.105,0.0,124.22360248447204,1242.2360248447205,124.22360248447204,62.11180124223602,745.3416149068323,372.67080745341616,62.11180124223602,186.33540372670808,248.44720496894408,496.89440993788816,869.5652173913044,2236.0248447204967,1366.4596273291927
513,Chapinería,40.37918,-4.20943,679.6159,2634.0,0,172,4.696511627906976,3.0,5.0,7182,4.364160401002507,3.8,5.0,81,4.090123456790123,3.5,4.6,1286,4.757931570762054,4.7,5.0,24,44,4.163636363636363,1.0,5.0,57.258,0.0,30.372057706909644,75.9301442672741,22.779043280182233,53.15110098709187,485.9529233105543,273.3485193621868,68.3371298405467,273.3485193621868,789.6735003796507,892.1791951404707,1188.3067577828397,3485.1936218678816,3842.06529992407
528,Chinchón,40.14019,-3.415684,777.1609,5820.0,0,80,4.441249999999999,3.7,5.0,23096,4.273956529269138,3.6,4.7,105,4.196190476190476,3.2,5.0,19,4.605263157894737,4.5,5.0,21,15,4.2733333333333325,3.5,5.0,45.592,3.0,17.18213058419244,34.36426116838488,12.027491408934708,24.054982817869416,608.2474226804123,276.63230240549825,202.7491408934708,422.680412371134,675.2577319587629,1290.3780068728524,929.553264604811,3797.250859106529,3862.5429553264607
409,Ciempozuelos,40.15934,-3.6184,580.2641,26046.0,0,2704,4.491383136094675,1.7,5.0,13263,4.033966674206439,3.5,4.6,979,3.9516853932584266,2.0,4.7,304,4.260526315789474,3.7,5.0,23,315,3.128571428571429,1.0,5.0,35.54,1.0,7.678722260615833,7.678722260615833,7.678722260615833,7.678722260615833,494.1257774706289,294.4789986946172,21.11648621669354,318.28303770252626,908.3928434308532,1283.8823619749674,1144.51355294479,3970.667280964448,4307.763188205483
416,Cobeña,40.56733,-3.504839,677.4468,7742.0,0,1368,4.650877192982456,3.3,5.0,21095,4.109789049537804,3.4,4.6,522,4.34272030651341,3.8,4.9,210,4.935714285714286,4.8,5.0,26,26,3.930769230769231,1.0,5.0,34.59,1.0,25.833118057349523,25.833118057349523,15.499870834409714,25.833118057349523,298.372513562387,244.122965641953,32.2913975716869,315.1640402996642,1335.5722035649703,1285.1976233531386,1065.6161198656678,4277.964350297081,4228.8814259881165
468,Collado Mediano,40.69389,-4.023123,1029.724,7564.0,0,2903,4.35418532552532,3.6,5.0,28403,4.476548251945216,3.8,4.9,1242,3.921980676328502,2.6,5.0,124,4.808870967741935,4.6,5.0,31,418,3.968181818181818,1.0,5.0,47.487,1.0,26.441036488630353,26.441036488630353,26.441036488630353,26.441036488630353,507.6679005817028,322.5806451612903,5.288207297726071,157.3241671073506,1303.5430988894764,1028.5563194077208,1386.832363828662,4204.124801692226,1430.4600740349022
437,Colmenar de Oreja,40.10758,-3.387693,756.9265,8982.0,1,80,4.441249999999999,3.7,5.0,24179,4.275123040655114,3.6,4.7,105,4.196190476190476,3.2,5.0,19,4.605263157894737,4.5,5.0,21,9,4.444444444444445,3.5,5.0,57.211,2.0,11.1333778668448,22.2667557336896,7.793364506791361,15.586729013582723,572.2556223558228,578.9356490759296,89.0670229347584,447.56179024716096,672.456023157426,1137.8312179915388,879.5368514807393,3805.388554887553,2099.7550656869294
421,Colmenar del Arroyo,40.41858,-4.198538,679.1825,2013.0,0,141,4.740425531914894,4.6,5.0,5763,4.430851986812424,3.8,5.0,58,4.205172413793103,3.5,4.6,1286,4.757931570762054,4.7,5.0,23,19,4.105263157894737,1.0,5.0,61.175,1.0,29.806259314456035,99.35419771485346,24.838549428713364,59.61251862891207,556.3835072031793,293.0948832588177,79.48335817188276,233.48236462990562,809.7367113760556,735.2210630899156,1172.3795330352707,3323.397913561848,1410.829607550919
442,Colmenarejo,40.56101,-4.016842,875.1868,9741.0,0,2375,4.559789473684211,3.2,5.0,11453,4.268348904217236,3.8,4.6,663,4.150377073906486,2.8,5.0,323,4.765634674922601,4.2,5.0,30,254,3.5956692913385826,1.0,5.0,37.111,0.0,20.53177291859152,20.53177291859152,20.53177291859152,20.53177291859152,452.72559285494305,303.8702391951545,13.34565239708449,177.59983574581665,1298.6346371009136,1112.8220921876605,1435.1709270095473,4341.443383636177,4492.3519145878245
480,Corpa,40.42489,-3.262723,819.1653,795.0,0,360,4.227222222222222,3.9,5.0,5717,4.252702466328494,3.2,5.0,88,4.54090909090909,3.5,5.0,26,4.6923076923076925,4.5,5.0,23,14,4.221428571428572,2.7,5.0,46.516,0.0,100.62893081761005,251.57232704402517,88.0503144654088,113.2075471698113,566.0377358490566,125.78616352201259,100.62893081761005,742.1383647798742,754.7169811320755,1018.867924528302,1006.2893081761007,3748.4276729559747,201.2578616352201
506,Cubas de la Sagra,40.1917,-3.837347,648.7275,6984.0,0,2766,4.108496023138105,2.0,5.0,20926,4.122942750645131,2.8,4.8,1130,4.509823008849557,4.1,5.0,130,4.54923076923077,3.8,5.0,20,3,3.0,2.5,4.0,36.177,1.0,28.636884306987398,28.636884306987398,28.636884306987398,28.636884306987398,372.2794959908362,370.84765177548684,5.72737686139748,425.2577319587629,887.7434135166094,1062.4284077892326,1106.815578465063,3858.8201603665525,4885.45246277205
534,Daganzo de Arriba,40.54481,-3.457924,665.5711,10673.0,0,924,4.827489177489178,3.0,5.0,16438,4.233179218883076,3.7,5.0,804,4.400995024875622,3.6,4.9,1418,4.901763046544429,4.8,5.0,24,11,4.281818181818182,2.5,5.0,36.597,0.0,18.738873793685,18.738873793685,15.928042724632249,18.738873793685,405.69661763328025,231.42509135200973,17.80193010400075,502.20181767075803,1288.2975733158437,1496.2990724257472,1079.359130516256,4615.384615384615,3455.4483275555135
549,Escorial (El),40.58508,-4.12952,915.7729,17262.0,0,1088,4.679136029411764,4.0,5.0,28035,4.188514357053682,3.3,4.9,540,4.360185185185185,2.8,5.0,176,4.373295454545454,3.9,4.8,25,628,4.046178343949046,1.0,5.0,51.323,1.0,11.586142973004288,11.586142973004288,8.110300081103,11.586142973004288,417.1011470281543,217.8194878924806,23.172285946008575,157.5715444328583,1170.7797474220833,1059.5527748812422,1477.2332290580464,4106.129069632719,3442.2430772795738
552,Estremera,40.18403,-3.106115,643.0197,1451.0,0,1,3.0,3.0,3.0,1280,4.12109375,3.8,4.9,17,4.658823529411765,4.0,4.8,0,4.735690085449596,4.735690085449596,4.735690085449596,20,14,4.285714285714286,3.0,5.0,72.696,1.0,20.675396278428668,55.13439007580978,20.675396278428668,41.350792556857336,585.802894555479,317.02274293590625,158.51137146795313,234.32115782219162,420.3997243280496,661.6126809097174,1585.1137146795313,3376.9813921433497,2150.241212956582
565,Fresnedillas de la Oliva,40.48651,-4.172033,895.7322,1833.0,0,193,4.689119170984456,4.0,5.0,6296,4.506893265565438,3.7,4.9,152,4.5,3.9,4.7,32,4.856249999999999,4.8,5.0,23,24,3.6375,3.0,5.0,69.753,0.0,54.55537370430988,109.11074740861976,27.27768685215494,81.83306055646482,660.1200218221495,376.4320785597381,54.55537370430988,180.0327332242226,829.2416803055102,840.152755046372,1391.1620294599018,3671.5766503000546,2051.2820512820513
571,Fresno de Torote,40.59229,-3.41205,657.2809,2547.0,0,351,4.727065527065527,2.8,5.0,9296,4.198192771084337,3.7,4.7,270,4.36,3.5,4.9,133,4.819548872180452,3.7,5.0,25,17,4.305882352941176,2.5,5.0,46.99,1.0,51.04043973301924,78.5237534354142,31.409501374165686,78.5237534354142,498.62583431488025,294.4640753828033,19.63093835885355,447.585394581861,981.5469179426776,1056.1444837063211,804.8684727129956,3604.2402826855123,1994.503337259521
590,Fuente el Saz de Jarama,40.63877,-3.51129,642.1251,7384.0,0,808,4.806064356435644,3.3,5.0,11264,4.240891335227273,3.5,4.7,755,4.101324503311258,2.6,4.8,134,4.972388059701492,4.9,5.0,28,28,3.857142857142857,1.0,5.0,36.187,2.0,27.085590465872155,27.085590465872155,18.95991332611051,27.085590465872155,448.2665222101842,307.42145178764895,44.691224268689055,434.72372697724813,1213.4344528710726,1310.9425785482124,995.3954496208017,4306.608884073673,1985.373781148429
604,Fuentidueña de Tajo,40.11819,-3.159549,565.6978,2319.0,0,67,4.028358208955224,3.7,4.7,9061,3.988698819114888,3.4,4.3,32,4.3,4.3,4.3,46,4.4,4.4,4.4,11,8,4.5,3.0,5.0,63.685,2.0,8.624407072013799,30.1854247520483,4.3122035360068995,12.9366106080207,651.1427339370418,297.5420439844761,155.23932729624838,409.65933592065545,560.586459680897,944.3725743855109,758.9478223372142,3126.347563605002,1768.003449762829
611,Galapagar,40.57736,-4.00357,884.4304,36112.0,0,2788,4.411944045911048,3.6,5.0,14228,4.336899072251898,3.8,4.6,1065,4.000657276995305,3.3,5.0,242,4.812809917355372,4.4,5.0,36,557,3.6008976660682226,2.5,5.0,35.516,1.0,5.538325210456358,5.538325210456358,5.538325210456358,5.538325210456358,426.4510412051396,320.1151971643775,14.676561807709348,173.62649534780684,1399.5347806823215,1174.4018608772708,1587.5609215773152,4669.915817456801,3307.487815684537
626,Garganta de los Montes,40.92143,-3.689205,1125.801,415.0,0,12,4.5,4.5,4.5,13844,4.3527954348454205,3.3,4.7,77,4.22987012987013,3.8,4.9,0,4.735690085449596,4.735690085449596,4.735690085449596,27,12,4.591666666666667,3.7,5.0,79.318,0.0,48.19277108433735,481.9277108433735,96.3855421686747,144.57831325301206,409.6385542168675,385.5421686746988,240.96385542168676,289.1566265060241,795.1807228915662,795.1807228915662,1060.2409638554216,3566.265060240964,0.0
632,Gargantilla del Lozoya y Pinilla de Buitrago,40.96463,-3.718601,1136.591,401.0,0,0,0.0,0.0,0.0,11231,4.365844537441012,3.3,5.0,43,4.625581395348837,4.2,4.9,177,4.777966101694916,4.7,5.0,27,3,4.666666666666667,4.5,5.0,81.426,1.0,0.0,498.75311720698255,99.75062344139651,199.50124688279303,623.4413965087282,249.37655860349128,124.68827930174564,174.5635910224439,349.1271820448878,872.8179551122195,1147.1321695760598,2917.7057356608475,0.0
647,Gascones,41.01809,-3.641817,1046.484,236.0,0,0,4.429228629815559,4.429228629815559,4.429228629815559,17323,4.077619349997114,2.8,4.7,53,0.0,0.0,0.0,53,5.0,5.0,5.0,34,92,4.445652173913044,3.0,5.0,80.024,0.0,42.3728813559322,847.457627118644,127.11864406779662,338.9830508474576,381.35593220338984,381.35593220338984,296.6101694915254,338.9830508474576,1059.322033898305,1355.9322033898304,1016.949152542373,4449.152542372881,0.0
663,Griñón,40.21424,-3.856192,676.9866,10714.0,1,1059,4.276770538243626,2.0,5.0,14649,4.130247798484539,2.8,4.8,854,4.430444964871195,3.6,5.0,259,4.345173745173745,3.8,5.0,23,97,2.318556701030928,1.0,5.0,33.337,1.0,18.667164457718872,18.667164457718872,18.667164457718872,18.667164457718872,355.60948291954446,281.874183311555,20.53388090349076,518.0138137016987,980.9594922531268,1275.900690685085,1145.2305394810528,4222.512600336009,6311.368303154751
679,Guadalix de la Sierra,40.78483,-3.692719,841.0,6912.0,0,480,4.199999999999999,3.9,5.0,8379,4.392457333810716,3.6,5.0,322,4.458695652173913,4.0,4.8,51,4.962745098039216,4.9,5.0,24,19,4.521052631578947,3.0,5.0,58.847,0.0,14.467592592592592,28.935185185185183,13.020833333333332,23.148148148148145,499.13194444444446,344.3287037037037,78.125,332.7546296296297,1025.7523148148148,1098.0902777777778,1267.361111111111,4146.412037037037,2500.0
685,Guadarrama,40.67348,-4.090732,965.5875,17069.0,1,578,4.8306228373702425,3.0,5.0,27502,4.434310231983129,3.7,4.6,444,3.9813063063063066,2.7,5.0,98,4.868367346938776,4.7,5.0,28,163,4.004294478527608,1.0,5.0,50.794,0.0,11.717148046165562,11.717148046165562,7.030288827699338,11.717148046165562,398.38303356962916,308.7468510164626,19.33329427617318,179.27236510633313,1000.6444431425392,1162.341086179624,1632.1987228308628,4302.536762551995,7020.915109262405
698,Hiruela (La),41.0785,-3.454731,1255.356,84.0,0,0,0.0,0.0,0.0,3291,4.318930416286843,3.8,4.8,4,0.0,0.0,0.0,0,4.735690085449596,4.735690085449596,4.735690085449596,3,16,4.8,4.8,4.8,97.734,0.0,0.0,952.3809523809523,238.09523809523807,0.0,476.19047619047615,0.0,0.0,0.0,238.09523809523807,476.19047619047615,357.1428571428571,1071.4285714285713,0.0
702,Horcajo de la Sierra,41.06738,-3.585321,1080.612,231.0,0,0,4.429228629815559,4.429228629815559,4.429228629815559,6876,4.440721349621874,3.8,4.8,7,0.0,0.0,0.0,7,5.0,5.0,5.0,30,23,4.539130434782609,2.0,5.0,89.479,0.0,43.29004329004329,779.2207792207791,129.8701298701299,173.16017316017317,519.4805194805195,86.58008658008659,173.16017316017317,43.29004329004329,606.0606060606061,952.3809523809523,822.5108225108225,2683.982683982684,0.0
719,Horcajuelo de la Sierra,41.06009,-3.54552,1138.176,111.0,0,0,4.429228629815559,4.429228629815559,4.429228629815559,5677,4.4396864541130885,3.8,4.8,4,0.0,0.0,0.0,7,5.0,5.0,5.0,28,32,4.65,2.0,5.0,94.536,0.0,90.09009009009009,1081.081081081081,180.18018018018017,180.18018018018017,360.36036036036035,450.45045045045043,270.27027027027026,270.27027027027026,540.5405405405405,990.990990990991,2072.072072072072,4594.594594594595,0.0
724,Hoyo de Manzanares,40.62273,-3.90712,1005.688,9186.0,0,510,4.8843137254901965,3.3,5.0,18828,4.342054387083067,3.5,4.7,358,4.320111731843575,3.5,5.0,264,4.789015151515152,4.2,5.0,30,159,3.723270440251573,1.0,5.0,36.584,1.0,21.77226213803614,21.77226213803614,15.240583496625298,21.77226213803614,352.71064663618546,189.41868060091443,21.77226213803614,149.13999564554757,1364.0322229479643,967.7770520357066,1345.5258001306336,4037.6660134988024,3831.918136294361
730,Humanes de Madrid,40.24954,-3.827206,675.6912,20054.0,0,3878,4.2178442496132025,3.7,5.0,13942,3.9778152345431055,3.6,4.6,1443,4.2710325710325705,2.8,5.0,318,4.205345911949685,2.5,5.0,33,1586,3.4418663303909205,1.0,5.0,31.246,0.0,9.973072703700009,9.973072703700009,9.973072703700009,9.973072703700009,548.5189987035005,429.3407798942854,6.981150892590007,552.0095741497955,1009.274957614441,1442.1063129550216,1034.2076393736909,4473.920414879824,5284.731225690635
758,Loeches,40.38393,-3.409393,639.8891,9253.0,0,1490,4.474228187919463,3.5,5.0,8727,4.312489973645009,3.8,4.7,975,4.266153846153846,3.7,5.0,61,4.732786885245901,3.8,5.0,24,12,4.075,3.0,5.0,28.433,1.0,21.614611477358697,21.614611477358697,21.614611477358697,21.614611477358697,458.22976332000434,305.84675240462553,11.888036312547282,735.9775208040635,970.4960553334054,1480.6008861990704,956.4465578731223,4461.255808926834,2526.748081703231
761,Lozoya,40.9515,-3.791897,1111.051,620.0,0,0,4.429228629815559,4.429228629815559,4.429228629815559,10995,4.313969986357436,3.4,5.0,43,4.637209302325581,4.3,4.8,131,4.7,4.7,4.7,24,16,4.5125,3.0,5.0,85.605,0.0,16.129032258064516,322.5806451612903,48.38709677419355,96.7741935483871,467.741935483871,370.96774193548384,290.3225806451613,290.3225806451613,548.3870967741935,725.8064516129033,951.6129032258063,3177.4193548387098,2000.0
9015,Lozoyuela-Navas-Sieteiglesias,40.92643,-3.617723,1022.991,1479.0,0,265,4.211320754716981,4.0,5.0,15257,4.239332765288064,3.8,5.0,112,3.994642857142857,3.6,5.0,0,4.735690085449596,4.735690085449596,4.735690085449596,27,21,4.666666666666667,3.5,5.0,68.104,0.0,40.56795131845842,135.2265043948614,33.80662609871535,40.56795131845842,473.29276538201486,344.82758620689657,87.89722785665991,229.88505747126436,567.9513184584179,1149.4252873563219,1020.9601081812035,3400.946585530764,3894.523326572008
783,Madarcos,41.04731,-3.582663,1057.624,70.0,0,0,4.429228629815559,4.429228629815559,4.429228629815559,8455,4.453199290360733,3.8,4.8,7,0.0,0.0,0.0,7,5.0,5.0,5.0,32,31,4.529032258064516,2.0,5.0,92.498,0.0,142.85714285714286,2857.142857142857,428.57142857142856,571.4285714285714,142.85714285714286,285.7142857142857,428.57142857142856,142.85714285714286,714.2857142857142,1142.857142857143,1571.4285714285713,4285.714285714285,0.0
822,Manzanares el Real,40.72705,-3.864914,917.528,9539.0,1,441,4.898412698412698,4.0,5.0,12057,4.18435763456913,3.7,4.8,179,4.124022346368715,3.4,4.7,51,4.868627450980392,3.7,5.0,23,40,4.355,2.5,5.0,51.894,4.0,14.676590837614006,20.96655833944858,6.289967501834574,16.773246671558862,430.8627738756683,294.58014466925255,30.401509592200437,230.63214173393436,1093.4060174022434,972.848306950414,1367.0196037320472,3988.8877240800925,1654.2614529824928
838,Meco,40.5542,-3.328439,670.2038,15812.0,1,2871,4.409369557645419,3.3,5.0,23786,3.833078281341967,3.5,4.5,1363,4.423550990462215,3.8,5.0,248,4.726209677419355,3.7,4.9,25,225,3.2444444444444445,2.2,5.0,48.983,1.0,12.648621300278268,12.648621300278268,12.648621300278268,12.648621300278268,418.66936503921073,277.63723754110805,17.70806982038958,480.01517834556034,926.5115102453833,1214.9000758917277,1019.4788768024285,3936.2509486465974,3368.327852264103
843,Mejorada del Campo,40.39701,-3.487864,580.1962,24632.0,0,4509,4.286538035041029,3.5,5.0,15855,4.094626300851466,3.4,4.6,1103,4.158839528558477,3.5,5.0,276,4.527536231884059,3.8,5.0,33,1265,3.769960474308301,1.0,5.0,21.041,2.0,8.119519324455993,8.119519324455993,8.119519324455993,8.119519324455993,484.73530367002274,388.1130237089964,2.841831763559597,607.3400454693082,960.539136083144,1592.23773952582,968.252679441377,4519.324455992205,3618.05781097759
856,Miraflores de la Sierra,40.81381,-3.766699,1149.553,7209.0,0,311,4.588745980707396,4.0,5.0,12366,4.305256348051109,3.7,4.7,395,4.2893670886075945,3.6,4.8,521,4.913243761996162,4.9,5.0,21,11,3.627272727272727,1.0,5.0,55.446,0.0,15.258704397281175,27.743098904147594,12.484394506866417,27.743098904147594,482.7299209321681,375.91899015119986,47.16326813705091,233.04203079483977,998.7515605493134,1120.8211957275628,1217.9220418920793,3993.619087252046,1914.273824386184
869,Molar (El),40.73291,-3.582258,819.3329,10079.0,1,1016,4.711712598425197,3.0,5.0,10742,4.224790541798548,3.2,4.7,393,4.091094147582696,3.5,5.0,200,4.7875,4.3,5.0,25,43,4.27906976744186,3.4,5.0,43.648,1.0,17.858914574858616,19.843238416509575,9.921619208254787,19.843238416509575,464.331778946324,319.4761385058041,22.819724178986007,432.5825974799087,981.2481396963984,1201.5080861196548,1005.06002579621,3962.694711776962,3913.086615735688
875,Molinos (Los),40.71456,-4.072706,1046.887,4812.0,0,485,4.70041237113402,3.0,5.0,28492,4.478576442510179,3.8,4.7,493,4.105070993914807,2.7,4.9,54,4.814814814814815,4.5,5.0,26,334,4.06497005988024,1.0,5.0,55.681,0.0,41.56275976724855,41.56275976724855,29.093931837073985,41.56275976724855,455.11221945137163,430.17456359102243,27.015793848711553,197.4231088944306,1018.2876142975894,1080.6317539484621,1415.211970074813,4168.744804655029,1508.7281795511224
881,Montejo de la Sierra,41.05928,-3.530301,1151.855,374.0,0,0,4.429228629815559,4.429228629815559,4.429228629815559,6322,4.381445745017399,3.8,4.8,4,5.0,5.0,5.0,7,5.0,5.0,5.0,27,33,4.690909090909091,2.0,5.0,87.651,0.0,26.7379679144385,374.331550802139,53.475935828877,53.475935828877,294.11764705882354,213.903743315508,133.6898395721925,133.6898395721925,320.85561497326205,534.75935828877,1684.4919786096257,3021.3903743315504,695.1871657754011
894,Moraleja de Enmedio,40.26033,-3.861412,682.4211,5630.0,0,5834,3.861450119986288,3.3,5.0,20853,4.05846640771112,3.5,4.5,1337,4.290875093492895,2.8,5.0,455,4.188351648351648,2.5,5.0,35,1205,3.828464730290456,1.0,5.0,27.17,0.0,35.52397868561279,35.52397868561279,35.52397868561279,35.52397868561279,392.5399644760213,364.1207815275311,19.53818827708703,625.222024866785,891.651865008881,1344.582593250444,1166.96269982238,4412.078152753108,2387.211367673179
908,Moralzarzal,40.68117,-3.97335,982.0547,14504.0,0,3541,4.26469923750353,3.6,5.0,17951,4.388697008523203,3.5,4.9,1185,3.8536708860759497,1.8,5.0,123,4.805691056910569,4.5,5.0,31,454,3.6894273127753294,1.0,5.0,46.641,0.0,13.789299503585218,13.789299503585218,13.789299503585218,13.789299503585218,365.4164368450083,230.28130170987316,17.236624379481523,177.19249862107003,1225.868725868726,1036.265857694429,1326.530612244898,4013.3756205184777,5468.836183121898
915,Morata de Tajuña,40.22751,-3.436966,559.4251,8294.0,0,41,4.224390243902438,3.2,4.4,16104,4.057563338301043,3.3,5.0,52,4.726923076923077,4.6,4.8,0,4.735690085449596,4.735690085449596,4.735690085449596,21,11,3.4545454545454546,1.0,5.0,34.745,0.0,2.411381721726549,24.113817217265495,2.411381721726549,6.028454304316374,553.4121051362431,371.35278514588856,84.39836026042923,618.5194116228599,739.0884977091873,1194.8396431155052,1034.4827586206895,4042.68145647456,2845.430431637328
936,Navacerrada,40.72893,-4.0151,1193.742,3307.0,0,478,4.827196652719666,4.3,5.0,23372,4.460371384562725,3.7,4.9,509,3.862278978388998,2.6,5.0,60,4.845,4.6,5.0,26,342,4.066959064327485,2.3,5.0,52.561,0.0,60.47777441790142,60.47777441790142,45.358330813426065,60.47777441790142,384.03386755367404,278.19776232234653,9.071666162685213,148.17054732385847,943.4532809192623,1267.0093740550349,1176.2927124281825,3822.1953432113696,2068.3398850922285
941,Navalafuente,40.82451,-3.673573,906.057,1703.0,0,362,4.218232044198895,3.9,5.0,11396,4.244190944190945,3.8,4.9,271,4.257195571955719,3.6,4.8,503,4.906361829025845,4.9,5.0,26,15,4.413333333333333,3.0,5.0,59.831,0.0,52.847915443335296,117.43981209630064,58.71990604815032,117.43981209630064,681.1509101585438,311.21550205519674,135.05578391074573,264.2395772166764,980.6224310041104,963.0064591896653,1268.3499706400469,3922.4897240164414,246.62360540223133
954,Navalagamella,40.46916,-4.12338,759.7007,3119.0,0,441,4.789342403628118,4.5,5.0,5007,4.290932694228082,3.6,4.9,298,4.08758389261745,3.5,4.8,45,4.788888888888888,4.3,5.0,23,14,4.428571428571429,3.0,5.0,56.822,0.0,41.68002564924655,64.12311638345624,19.236934915036873,54.50464892593781,580.3142032702789,285.34786790638026,48.09233728759217,160.3077909586406,875.2805386341777,1016.3513946777814,1224.7515229240141,3610.1314523885862,1365.8223789676176
967,Navalcarnero,40.28781,-4.013766,672.8241,32684.0,0,2916,4.5156721536351165,3.8,5.0,12745,4.077551981169087,3.2,4.7,910,4.2820879120879125,3.5,5.0,92,4.6891304347826095,4.4,5.0,23,84,4.291666666666666,2.0,4.5,36.609,3.0,6.119202056051891,6.119202056051891,6.119202056051891,6.119202056051891,470.26067800758784,341.7574348304981,17.745685962550485,288.82633704564927,925.2233508750459,1161.7305103414515,1258.7198629298741,3994.003181985069,4934.524538000245
973,Navarredonda y San Mamés,40.99078,-3.726047,1219.314,154.0,0,0,0.0,0.0,0.0,6029,4.316337701111295,3.3,5.0,22,0.0,0.0,0.0,46,5.0,5.0,5.0,24,2,3.0,1.0,5.0,85.319,0.0,0.0,1038.961038961039,129.8701298701299,259.7402597402598,519.4805194805195,259.7402597402598,194.8051948051948,64.93506493506494,584.4155844155844,454.54545454545456,844.1558441558442,2402.5974025974024,0.0
992,Navas del Rey,40.38501,-4.250652,717.2259,3344.0,3,130,4.71076923076923,4.0,5.0,9511,4.346093996425192,3.9,5.0,58,4.205172413793103,3.5,4.6,1280,4.756796875000001,4.7,5.0,23,42,4.1119047619047615,1.0,5.0,60.506,1.0,14.952153110047847,59.80861244019139,14.952153110047847,38.8755980861244,607.0574162679426,463.51674641148327,71.77033492822967,311.0047846889952,630.9808612440191,927.0334928229665,950.956937799043,3355.2631578947367,2739.2344497607655
1006,Nuevo Baztán,40.36552,-3.243183,834.9736,7393.0,0,10,4.6,4.6,4.6,5848,3.955848153214775,3.2,4.8,159,4.648427672955975,3.4,4.9,19,4.578947368421052,4.5,5.0,22,8,3.375,3.0,5.0,48.3,2.0,5.410523468145542,27.052617340727714,9.468416069254701,17.584201271473013,536.9944542134451,316.5156228865143,12.173677803327472,336.8050858920601,788.583795482213,1151.0888678479644,899.4995265791965,3504.6665764912755,3965.913702150683
1013,Olmeda de las Fuentes,40.36943,-3.221704,785.2642,409.0,0,0,4.429228629815559,4.429228629815559,4.429228629815559,6223,4.003374578177729,3.2,4.8,132,4.620454545454545,3.4,4.9,29,4.724137931034483,4.5,5.0,22,9,3.555555555555556,3.0,5.0,53.406,0.0,73.34963325183374,488.99755501222495,171.14914425427872,293.39853300733495,660.1466992665037,293.39853300733495,195.59902200488997,244.49877750611248,660.1466992665037,904.6454767726161,1344.7432762836186,3643.031784841076,440.09779951100245
1028,Orusco de Tajuña,40.28515,-3.208557,662.3139,1504.0,0,0,4.429228629815559,4.429228629815559,4.429228629815559,3328,4.490474759615384,3.5,5.0,88,4.902272727272728,4.9,5.0,2,5.0,5.0,5.0,20,14,4.635714285714286,4.0,5.0,57.456,0.0,6.648936170212766,73.13829787234043,33.24468085106383,59.840425531914896,664.8936170212766,305.8510638297872,26.595744680851062,492.0212765957447,711.436170212766,851.063829787234,1097.0744680851064,3484.0425531914893,3590.425531914894
1049,Paracuellos de Jarama,40.50481,-3.53227,692.0413,27241.0,0,3875,4.30141935483871,3.0,5.0,20578,4.052463796287298,2.9,4.9,1359,4.323178807947021,3.0,4.8,805,4.581366459627329,3.7,5.0,32,2033,3.954058042302016,2.5,4.5,24.676,1.0,7.341874380529349,7.341874380529349,7.341874380529349,7.341874380529349,299.9155684446239,214.382731911457,4.405124628317609,317.9031606769208,1381.7407584156235,1332.550200066077,931.6838588891744,4182.66583458757,5430.050291839507
1071,Patones,40.85573,-3.48511,713.0287,604.0,0,277,4.356678700361011,3.9,5.0,13352,4.190166267225885,3.7,5.0,100,4.09,3.7,4.9,18,4.905555555555556,4.9,5.0,20,38,4.494736842105263,4.1,5.0,65.895,2.0,49.66887417218543,331.12582781456956,66.2251655629139,215.2317880794702,331.12582781456956,215.2317880794702,33.11258278145695,662.2516556291391,248.34437086092714,529.8013245033112,844.3708609271523,2533.112582781457,5264.900662251656
1087,Pedrezuela,40.74369,-3.603798,869.5692,6475.0,0,550,4.813636363636364,3.9,5.0,12254,4.285645503509058,3.2,4.7,195,4.2215384615384615,3.6,4.4,178,4.810112359550561,4.3,5.0,27,22,4.468181818181819,3.0,5.0,45.794,0.0,16.98841698841699,30.888030888030887,7.722007722007722,24.71042471042471,452.50965250965254,305.79150579150576,12.355212355212355,332.04633204633205,1127.4131274131275,1084.1698841698842,1051.7374517374517,3913.5135135135133,2094.2084942084944
1090,Pelayos de la Presa,40.35954,-4.334138,561.4791,3106.0,0,178,4.899438202247191,4.0,5.0,13393,4.167206749794668,1.5,5.0,221,3.9714932126696834,1.0,4.4,140,4.503571428571429,4.5,5.0,21,31,3.916129032258065,1.0,5.0,71.93,1.0,28.976175144880873,64.3915003219575,16.097875080489374,38.6349001931745,795.2350289761752,376.69027688345136,22.537025112685125,151.32002575660013,705.0869285254346,869.2852543464263,1007.7269800386349,3132.6464906632323,1622.6658081133291
1104,Perales de Tajuña,40.23453,-3.352198,577.9905,3195.0,3,0,4.429228629815559,4.429228629815559,4.429228629815559,13669,3.938795815348599,2.5,5.0,68,4.699999999999999,4.7,4.7,0,4.735690085449596,4.735690085449596,4.735690085449596,22,19,4.163157894736842,2.0,5.0,40.166,2.0,3.1298904538341157,50.07824726134585,6.259780907668231,9.389671361502348,729.2644757433491,397.4960876369327,21.90923317683881,460.09389671361504,738.6541471048513,1173.7089201877934,976.5258215962441,3768.3881064162756,1564.945226917058
1111,Pezuela de las Torres,40.41869,-3.177605,855.1563,990.0,0,27,4.933333333333333,4.9,5.0,2741,4.257059467347683,3.4,4.7,125,4.2784,3.4,4.9,11,5.0,5.0,5.0,10,21,4.571428571428571,3.0,5.0,51.574,1.0,40.4040404040404,111.11111111111111,60.60606060606061,70.70707070707071,404.0404040404041,212.12121212121212,111.11111111111111,363.6363636363636,585.8585858585859,919.1919191919192,717.1717171717172,2909.090909090909,464.64646464646466
1126,Pinilla del Valle,40.9262,-3.819392,1097.138,199.0,0,0,4.429228629815559,4.429228629815559,4.429228629815559,16429,4.343532777405807,3.4,4.6,41,4.190243902439025,3.6,4.7,131,4.7,4.7,4.7,21,32,4.459375,2.0,5.0,91.312,1.0,50.25125628140704,1005.0251256281407,150.7537688442211,351.75879396984925,251.25628140703517,100.50251256281408,251.25628140703517,402.0100502512563,854.2713567839196,753.7688442211055,753.7688442211055,3115.5778894472364,0.0
1147,Piñuécar-Gandullas,41.03265,-3.599468,1063.421,185.0,0,0,4.429228629815559,4.429228629815559,4.429228629815559,15604,4.130447321199692,3.0,4.7,54,0.0,0.0,0.0,53,5.0,5.0,5.0,35,70,4.462857142857143,2.0,5.0,83.028,0.0,108.10810810810811,1081.081081081081,270.27027027027026,540.5405405405405,378.3783783783784,324.3243243243243,324.3243243243243,324.3243243243243,756.7567567567568,810.8108108108108,1513.5135135135135,4054.054054054054,0.0
1163,Pozuelo del Rey,40.36622,-3.321994,807.1237,1302.0,0,260,4.201153846153846,3.5,5.0,4567,4.063849354061748,3.2,4.8,263,4.480608365019012,3.5,4.9,34,4.658823529411765,4.5,5.0,23,8,3.6375,1.0,5.0,41.51,1.0,69.12442396313365,153.60983102918587,76.80491551459293,107.52688172043011,552.9953917050692,330.26113671274965,84.48540706605223,537.6344086021505,745.0076804915515,1251.9201228878649,814.1321044546851,3763.440860215054,245.77572964669739
1179,Prádena del Rincón,41.04411,-3.540921,1114.976,139.0,0,0,4.429228629815559,4.429228629815559,4.429228629815559,6246,4.453666346461736,3.8,4.8,4,0.0,0.0,0.0,7,5.0,5.0,5.0,29,31,4.670967741935484,2.0,5.0,85.383,1.0,71.94244604316548,1079.136690647482,143.88489208633095,143.88489208633095,431.6546762589928,359.71223021582733,503.59712230215825,359.71223021582733,215.8273381294964,575.5395683453238,1942.4460431654677,3956.8345323741005,0.0
1185,Puebla de la Sierra,41.01208,-3.444847,1160.507,93.0,0,0,0.0,0.0,0.0,64,4.7,4.7,4.7,0,0.0,0.0,0.0,0,4.735690085449596,4.735690085449596,4.735690085449596,1,0,4.064783939634383,4.064783939634383,4.064783939634383,103.62,0.0,0.0,107.52688172043011,0.0,107.52688172043011,322.5806451612903,215.05376344086022,430.10752688172045,322.5806451612903,107.52688172043011,537.6344086021505,430.10752688172045,2043.0107526881723,0.0
9020,Puentes Viejas,40.99496,-3.550907,1065.958,774.0,0,0,0.0,0.0,0.0,3873,4.505344694035631,4.0,4.8,15,5.0,5.0,5.0,7,5.0,5.0,5.0,29,7,4.714285714285714,4.0,5.0,75.189,1.0,0.0,155.03875968992247,12.919896640826874,12.919896640826874,310.07751937984494,193.7984496124031,116.27906976744185,167.95865633074936,633.0749354005168,956.0723514211886,1214.4702842377262,3281.653746770026,0.0
1198,Quijorna,40.42656,-4.057429,574.5786,3987.0,0,1459,4.45654557916381,3.6,5.0,13290,4.277494356659142,3.1,4.5,707,4.354738330975955,3.0,4.9,493,4.566125760649087,4.2,5.0,25,8,4.25,1.0,5.0,45.968,0.0,50.163029847002754,50.163029847002754,30.097817908201655,50.163029847002754,368.69826937547026,270.8803611738149,37.62227238525207,203.16027088036117,1060.9480812641084,1161.2741409581138,1507.399046902433,4241.284173564083,1063.4562327564586
1202,Rascafría,40.90381,-3.879398,1157.038,1712.0,6,0,4.429228629815559,4.429228629815559,4.429228629815559,17725,4.401528913963328,3.8,4.7,30,4.15,3.6,4.7,0,4.735690085449596,4.735690085449596,4.735690085449596,21,38,4.436842105263158,2.0,5.0,95.391,1.0,5.841121495327102,116.82242990654206,11.682242990654204,17.523364485981308,403.03738317757006,408.8785046728972,251.1682242990654,257.0093457943925,619.1588785046729,1384.3457943925232,998.8317757009346,3919.392523364486,1378.504672897196
1219,Redueña,40.8163,-3.603684,823.9578,292.0,0,963,4.565524402907581,3.9,5.0,17534,4.06401277517965,3.8,4.9,227,3.953303964757709,3.6,4.4,4,5.0,5.0,5.0,27,25,3.756,1.0,5.0,56.05,0.0,445.20547945205476,684.931506849315,273.972602739726,547.945205479452,342.4657534246575,273.972602739726,68.4931506849315,821.917808219178,856.1643835616438,1027.3972602739725,1335.6164383561645,4383.561643835616,616.4383561643835
1224,Ribatejada,40.6665,-3.392131,761.6322,911.0,0,1027,4.713242453748784,2.8,5.0,5662,4.026368774284705,3.2,5.0,573,4.435776614310647,3.5,5.0,50,4.904,4.7,5.0,24,17,4.241176470588235,3.5,5.0,51.73,1.0,197.58507135016464,219.53896816684963,186.60812294182216,219.53896816684963,669.5938529088913,362.23929747530184,43.90779363336993,406.1470911086718,823.271130625686,976.9484083424808,592.7552140504939,3205.2689352360044,1207.464324917673
1245,Robledillo de la Jara,40.95299,-3.525749,1017.706,132.0,0,0,4.429228629815559,4.429228629815559,4.429228629815559,7679,4.363029040239614,4.2,4.6,15,0.0,0.0,0.0,0,4.735690085449596,4.735690085449596,4.735690085449596,27,14,4.585714285714286,4.0,5.0,79.092,0.0,75.75757575757576,984.8484848484848,75.75757575757576,0.0,681.8181818181818,303.03030303030306,0.0,227.27272727272728,454.54545454545456,681.8181818181818,1212.1212121212122,2878.787878787879,0.0
1258,Robledo de Chavela,40.50089,-4.238043,893.4601,4763.0,2,129,4.550387596899225,4.4,5.0,6703,4.302401909592719,3.8,4.9,90,4.319999999999999,3.9,4.5,1,5.0,5.0,5.0,22,32,3.90625,3.0,4.0,74.92,2.0,14.696619777451184,41.990342221289104,8.39806844425782,12.597102666386732,583.6657568759185,308.6290153264749,104.97585555322276,132.26957799706068,850.3044299811044,835.6078102036532,1182.0281335292882,3413.8148225908044,2082.7209741759393
1261,Robregordo,41.10658,-3.593292,1297.608,73.0,0,0,0.0,0.0,0.0,3748,4.113393810032017,3.8,4.6,0,0.0,0.0,0.0,7,5.0,5.0,5.0,24,11,4.636363636363637,3.0,5.0,89.533,0.0,0.0,821.917808219178,0.0,273.972602739726,821.917808219178,273.972602739726,136.986301369863,0.0,273.972602739726,1232.876712328767,273.972602739726,2191.780821917808,0.0
1283,Rozas de Puerto Real,40.31007,-4.490765,876.1035,581.0,0,10,3.88,1.0,4.6,5547,4.225725617450874,3.9,5.0,48,2.725,2.0,3.3,4,4.8,4.8,4.8,22,9,4.344444444444445,3.0,5.0,92.193,0.0,34.42340791738382,344.23407917383815,51.63511187607573,172.11703958691908,516.3511187607573,189.32874354561102,120.48192771084338,86.05851979345954,258.1755593803787,430.29259896729775,1239.2426850258175,2323.580034423408,5679.862306368331
1296,San Agustín del Guadalix,40.67867,-3.615861,667.7155,13849.0,0,486,4.684567901234568,3.0,5.0,15408,4.125681464174455,3.0,4.7,381,3.490551181102362,2.6,5.0,263,4.82851711026616,4.2,5.0,21,20,4.090000000000001,2.3,5.0,36.132,0.0,10.83110693912918,14.441475918838904,4.332442775651671,10.109033143187235,363.20311935879846,220.23250776229332,11.553180735071125,457.7947866271933,1510.5783811105493,1276.6264712253592,1091.7755794642212,4568.5609069246875,3421.185645172937
1300,San Fernando de Henares,40.42553,-3.536694,591.3853,38969.0,1,68031,4.290248563155032,3.5,5.0,30547,4.177366026123678,3.4,4.6,61191,4.297748034841725,3.0,5.0,682,4.585923753665688,3.7,5.0,58,4669,3.987149282501606,1.0,5.0,18.348,2.0,5.132284636505941,5.132284636505941,5.132284636505941,5.132284636505941,463.7019169083118,350.0218122097051,2.5661423182529703,464.21514537196236,1313.095024250045,1695.963458133388,1235.0842977751545,5060.945880058508,4296.235469219123
1317,San Lorenzo de El Escorial,40.59167,-4.149123,1052.468,18772.0,1,907,4.718853362734289,4.0,5.0,29089,4.136113307435799,3.2,4.9,501,4.406986027944111,3.6,5.0,176,4.403977272727272,3.9,5.0,25,390,3.981538461538461,1.0,5.0,62.624,4.0,10.65416577881952,10.65416577881952,6.392499467291711,10.65416577881952,360.6435116130407,197.63477519710207,20.242914979757085,151.28915405923715,1184.7432346047303,1079.7997016833583,1591.7323673556361,4225.442147879821,5190.70956744087
1322,San Martín de la Vega,40.2078,-3.568544,517.0689,20664.0,0,756,4.249603174603174,3.6,5.0,15106,3.559095723553556,2.0,4.6,410,3.864146341463415,3.3,5.0,420,4.576428571428571,3.0,5.0,21,116,2.872413793103448,2.8,5.0,30.402,1.0,6.775067750677507,9.67866821525358,5.3232675183894695,9.67866821525358,560.878823073945,405.536198219125,32.907471931862176,406.9879984514131,993.0313588850174,1431.4750290360046,949.4773519163763,4219.415408439799,4020.5187766163376
1338,San Martín de Valdeiglesias,40.36174,-4.397521,677.8516,9120.0,1,178,4.899438202247191,4.0,5.0,10187,4.197830568371455,3.9,5.0,221,3.9714932126696834,1.0,4.4,140,4.503571428571429,4.5,5.0,21,36,4.041666666666667,3.0,4.7,78.77,1.0,9.868421052631579,21.929824561403507,5.482456140350877,13.157894736842104,641.4473684210527,407.89473684210526,41.666666666666664,187.5,611.8421052631579,876.0964912280701,1384.8684210526317,3509.8684210526317,5028.508771929825
1356,Santa María de la Alameda,40.5957,-4.257937,1411.015,1516.0,0,40,4.907500000000001,4.9,5.0,9860,4.286166328600406,2.0,5.0,59,4.079661016949152,3.3,4.8,5,3.8,3.8,3.8,23,113,4.260176991150442,4.0,5.0,70.111,0.0,26.385224274406333,131.92612137203167,26.385224274406333,59.366754617414244,758.575197889182,422.16358839050133,171.50395778364114,224.27440633245382,646.4379947229551,784.9604221635883,1009.2348284960422,3258.5751978891817,92.34828496042216
1369,Santorcaz,40.47216,-3.233114,864.0168,998.0,0,447,4.30648769574944,3.9,5.0,8544,4.294487359550562,3.4,4.6,154,4.323376623376623,3.4,5.0,27,4.777777777777778,4.4,5.0,21,22,3.8681818181818177,1.0,5.0,45.724,4.0,130.26052104208415,200.40080160320642,80.16032064128255,100.20040080160321,511.02204408817636,280.56112224448896,50.100200400801604,420.8416833667335,691.3827655310621,931.8637274549097,1112.2244488977956,3486.9739478957918,3627.2545090180356
1375,Santos de la Humosa (Los),40.50191,-3.254799,875.056,2797.0,0,891,4.670707070707072,4.0,5.0,17302,4.175465264131316,3.7,4.6,280,4.276785714285714,3.4,5.0,220,4.463636363636363,3.5,5.0,25,272,3.047794117647059,1.0,5.0,46.496,0.0,57.204147300679296,71.50518412584913,35.75259206292456,67.92992491955667,471.9342152306042,207.36503396496246,14.301036825169824,514.8373257061137,811.5838398283876,1122.6313907758313,804.4333214158027,3475.1519485162676,2023.5967107615302
1381,Serna del Monte (La),41.02979,-3.625026,1072.925,105.0,0,0,4.429228629815559,4.429228629815559,4.429228629815559,15305,4.017236197321137,2.8,4.7,53,0.0,0.0,0.0,53,5.0,5.0,5.0,33,63,4.428571428571429,3.0,5.0,80.844,0.0,95.23809523809524,1904.7619047619046,285.7142857142857,857.1428571428571,476.19047619047615,95.23809523809524,476.19047619047615,0.0,476.19047619047615,1142.857142857143,1047.6190476190477,3238.095238095238,0.0
1408,Serranillos del Valle,40.20465,-3.885819,650.8673,4632.0,0,1397,4.340586972083036,3.9,5.0,14464,4.299038993362832,2.8,4.8,567,4.52962962962963,4.1,5.0,190,4.663684210526316,4.3,5.0,21,10,3.5,1.0,5.0,35.694,0.0,43.17789291882556,43.17789291882556,41.01899827288429,43.17789291882556,395.0777202072539,377.80656303972364,8.635578583765112,470.6390328151986,913.2124352331607,1351.4680483592401,1053.5405872193437,4175.302245250432,1705.5267702936096
1415,Sevilla la Nueva,40.34781,-4.027501,674.3175,9694.0,0,1820,4.756428571428572,4.0,5.0,10955,4.299388407120037,3.1,4.7,942,4.376433121019109,3.7,5.0,196,4.728571428571429,3.0,4.8,25,14,3.6357142857142857,1.0,5.0,42.875,0.0,20.631318341242004,20.631318341242004,20.631318341242004,20.631318341242004,385.80565298122553,320.8170002063132,11.347225087683103,286.77532494326385,1212.0899525479679,1207.9636888797195,1354.4460491025375,4393.439240767485,4625.541572106457
1436,Somosierra,41.13312,-3.581837,1436.419,98.0,0,0,4.429228629815559,4.429228629815559,4.429228629815559,7198,4.050319533203667,3.9,4.6,0,0.0,0.0,0.0,0,4.735690085449596,4.735690085449596,4.735690085449596,17,10,4.5,3.0,5.0,93.268,1.0,102.0408163265306,714.2857142857142,0.0,102.0408163265306,510.2040816326531,102.0408163265306,714.2857142857142,0.0,816.3265306122448,1020.4081632653061,714.2857142857142,3367.34693877551,0.0
1441,Soto del Real,40.75428,-3.783356,922.4442,9436.0,1,396,4.636616161616161,4.0,5.0,15849,4.280976717773991,3.4,4.7,278,4.220143884892087,3.7,4.6,258,4.908527131782946,4.8,5.0,20,10,4.1,3.0,5.0,44.268,0.0,14.836795252225519,21.195421788893597,6.35862653666808,14.836795252225519,344.425604069521,232.08986858838492,19.07587961000424,242.6875794828317,1313.0563798219584,920.9410767274269,1510.173802458669,4238.024586689276,7793.556591776176
1454,Talamanca de Jarama,40.74688,-3.513244,655.0905,4526.0,0,709,4.729196050775741,3.5,5.0,13224,4.236698427102239,3.2,4.7,352,4.375852272727272,4.0,4.8,191,4.81413612565445,4.3,5.0,24,29,4.203448275862069,2.7,5.0,47.636,4.0,24.304021210782146,44.18912947414936,19.88510826336721,39.77021652673442,382.235969951392,229.78347326557665,22.09456473707468,459.5669465311533,963.3230225364559,1060.5391073795845,1093.6809544851967,3828.988068935042,3216.9686257180733
1467,Tielmes,40.24457,-3.314466,580.7983,2807.0,0,1,5.0,5.0,5.0,17941,4.095931107519091,2.5,5.0,114,4.732456140350878,4.7,5.0,0,4.735690085449596,4.735690085449596,4.735690085449596,22,20,4.105,2.0,5.0,45.405,0.0,7.125044531528322,71.25044531528322,17.812611328820804,17.812611328820804,705.3794086213039,359.8147488421802,78.37548984681155,819.380121125757,605.6287851799074,1086.5692910580692,1072.3192019950125,4022.0876380477375,1945.1371571072318
1473,Titulcia,40.13673,-3.570501,514.1019,1393.0,0,312,4.511858974358975,1.7,5.0,9791,4.1429067510979465,3.0,4.6,376,4.137765957446808,2.5,4.7,337,4.81246290801187,4.0,5.0,21,223,2.8269058295964125,2.8,5.0,40.449,1.0,71.78750897343862,143.57501794687724,64.60875807609476,129.21751615218952,696.3388370423547,459.4400574300072,35.89375448671931,459.4400574300072,689.1600861450107,1356.78391959799,1098.348887293611,4099.066762383345,2555.635319454415
1492,Torrejón de la Calzada,40.20154,-3.798929,632.9291,10366.0,0,4303,4.161003950732046,3.6,5.0,14472,4.050096738529575,3.5,5.0,1051,4.09895337773549,1.4,5.0,353,4.7954674220963165,3.8,5.0,23,510,3.074117647058824,1.0,5.0,27.728,0.0,19.29384526336099,19.29384526336099,19.29384526336099,19.29384526336099,392.6297511093961,291.3370634767509,9.646922631680495,394.55913563573216,807.4474242716573,1368.898321435462,1004.2446459579395,3876.1335134092224,5327.030677213968
1505,Torrejón de Velasco,40.18713,-3.778751,609.1476,4887.0,0,4283,4.163997198225542,3.6,5.0,16562,4.009401038521919,3.3,5.0,1215,4.051769547325104,1.4,5.0,394,4.778426395939087,3.8,5.0,22,416,3.2475961538461537,3.0,5.0,29.513,2.0,40.92490280335584,40.92490280335584,40.92490280335584,40.92490280335584,407.20278289339063,315.12175158583995,59.34110906486597,423.572744014733,789.8506241047677,1336.1980765295684,1078.3711888684265,4002.4554941682013,4628.606507059546
1512,Torrelaguna,40.82785,-3.538488,742.3256,4992.0,2,381,4.411023622047244,3.5,5.0,16039,4.082093646736081,3.3,5.0,193,4.0093264248704665,3.6,4.9,18,4.905555555555556,4.9,5.0,23,16,4.9375,4.5,5.0,60.357,4.0,14.022435897435898,40.06410256410256,16.025641025641026,28.044871794871796,470.75320512820514,346.5544871794872,32.05128205128205,608.974358974359,801.2820512820514,1011.6185897435897,1272.0352564102564,4072.516025641026,5156.25
1527,Torrelodones,40.57628,-3.929452,847.145,25250.0,0,686,4.876093294460642,4.4,5.0,19515,4.301147834998719,3.5,4.7,545,4.100183486238532,2.0,5.0,371,4.811320754716981,4.2,5.0,35,402,2.9977611940298505,1.3,5.0,30.262,3.0,7.920792079207922,7.920792079207922,7.920792079207922,7.920792079207922,254.65346534653463,144.15841584158417,8.712871287128714,158.01980198019803,1716.039603960396,898.2178217821781,1333.4653465346535,4258.6138613861385,6114.851485148515
1533,Torremocha de Jarama,40.83705,-3.494407,705.3375,1134.0,0,288,4.35,3.5,5.0,14230,4.199009135628953,3.7,4.9,166,4.054216867469879,3.7,4.9,18,4.905555555555556,4.9,5.0,20,12,4.916666666666667,4.5,5.0,64.681,1.0,44.091710758377424,176.3668430335097,44.091710758377424,114.6384479717813,379.1887125220458,255.73192239858906,97.00176366843033,317.46031746031747,608.4656084656084,414.4620811287478,1349.2063492063492,3042.3280423280426,229.2768959435626
1548,Torres de la Alameda,40.40473,-3.360132,668.0449,7742.0,1,1608,4.518097014925374,3.0,5.0,8126,4.300529165641152,3.6,5.0,527,4.266034155597724,2.3,4.9,54,4.348148148148148,3.7,5.0,25,7,3.2857142857142856,1.0,5.0,37.051,0.0,25.833118057349523,25.833118057349523,15.499870834409714,25.833118057349523,560.5786618444846,276.4143632136399,19.374838543012142,777.5768535262206,808.5765951950401,1525.445621286489,1008.7832601394989,4416.1715319039,4931.542237148024
1551,Valdaracete,40.21115,-3.194556,737.9929,653.0,0,0,0.0,0.0,0.0,2411,4.521360431356283,3.5,5.0,18,0.0,0.0,0.0,0,4.735690085449596,4.735690085449596,4.735690085449596,21,10,4.59,4.0,5.0,58.985,0.0,0.0,91.88361408882083,45.94180704441042,76.5696784073507,750.3828483920367,306.2787136294028,398.16232771822354,689.1271056661561,566.6156202143951,765.6967840735068,1163.8591117917304,3889.739663093415,6646.248085758039
1564,Valdeavero,40.63099,-3.332983,713.679,1817.0,0,307,4.554071661237786,2.8,5.0,2742,4.194310722100657,3.6,5.0,311,4.510610932475885,3.5,5.0,59,5.0,5.0,5.0,22,17,4.0588235294117645,1.0,5.0,47.888,0.0,55.0357732526142,110.0715465052284,77.05008255365988,93.56081452944413,605.3935057787562,330.2146395156852,115.57512383048982,423.7754540451293,814.5294441386902,1155.7512383048982,671.4364336818933,3511.282333516786,1089.708310401761
1570,Valdelaguna,40.16192,-3.367249,710.8623,1079.0,0,80,4.441249999999999,3.7,5.0,24179,4.275123040655114,3.6,4.7,105,4.196190476190476,3.2,5.0,19,4.605263157894737,4.5,5.0,21,0,4.064783939634383,4.064783939634383,4.064783939634383,50.708,0.0,101.94624652455977,185.35681186283594,64.87488415199259,139.01760889712696,639.481000926784,268.76737720111214,18.535681186283597,417.05282669138086,370.7136237256719,658.0166821130678,583.8739573679333,2316.9601482854496,481.9277108433735
1586,Valdemanco,40.87252,-3.662956,1133.363,1065.0,0,275,4.261818181818182,4.0,5.0,18020,4.13723640399556,3.8,4.6,205,4.025853658536586,3.6,4.9,0,4.735690085449596,4.735690085449596,4.735690085449596,25,12,4.333333333333333,3.5,5.0,65.264,0.0,46.948356807511736,187.79342723004694,75.11737089201878,103.28638497652582,431.92488262910797,478.8732394366197,18.779342723004696,431.92488262910797,863.8497652582159,967.1361502347419,995.3051643192489,3755.8685446009385,262.9107981220657
1599,Valdemaqueda,40.51147,-4.295926,864.9176,836.0,0,96,4.445833333333334,4.4,4.6,5663,4.245364647713226,2.6,4.9,92,4.477173913043478,4.3,4.8,1,5.0,5.0,5.0,23,100,4.141,4.0,5.0,80.311,0.0,47.846889952153106,239.23444976076556,47.846889952153106,59.80861244019139,861.244019138756,741.6267942583731,83.73205741626795,311.0047846889952,789.4736842105262,765.5502392344497,813.3971291866028,3504.7846889952157,143.54066985645935
1603,Valdemorillo,40.50208,-4.065841,820.9337,14139.0,0,1619,4.878875849289685,4.5,5.0,4676,4.316060735671515,2.9,5.0,283,4.097526501766785,3.5,4.8,112,4.178571428571429,3.9,5.0,22,5,4.0,1.0,5.0,49.031,0.0,9.90169035999717,14.145271942853102,3.5363179857132754,11.316217554282481,412.3346771341679,289.27081123134593,22.632435108564962,198.0338071999434,1258.2219393167834,1106.867529528255,1386.9439139967465,4261.97043638164,4491.12384185586
1625,Valdeolmos-Alalpardo,40.62949,-3.475017,680.2087,4579.0,0,895,4.857988826815643,3.3,5.0,8123,4.164409700849441,3.2,4.8,756,4.477116402116402,3.5,4.9,131,4.933587786259541,4.5,5.0,27,18,4.405555555555556,1.0,5.0,37.129,0.0,43.67765887748416,43.67765887748416,30.574361214238916,43.67765887748416,303.55972919851496,244.59488971391133,26.2065953264905,395.2828128412317,1179.2967896920725,1244.8132780082988,982.7473247433937,4072.941690325398,9181.043896047171
1631,Valdepiélagos,40.76059,-3.465914,744.8907,623.0,0,357,4.481512605042017,3.5,5.0,7514,4.191482565877029,3.3,5.0,262,4.443893129770992,4.0,5.0,51,4.766666666666668,4.7,4.9,22,42,4.266666666666667,2.7,5.0,51.502,0.0,160.51364365971105,321.0272873194221,128.41091492776886,192.61637239165327,561.7977528089888,385.23274478330654,128.41091492776886,626.0032102728733,802.5682182985554,1139.6468699839486,1187.800963081862,4269.662921348315,224.7191011235955
1646,Valdetorres de Jarama,40.69559,-3.514251,651.753,5050.0,0,544,4.500919117647059,4.0,5.0,10130,4.07573543928924,3.2,4.6,604,4.543708609271522,3.8,5.0,171,4.795321637426901,4.7,5.0,21,17,4.217647058823529,3.0,5.0,41.951,1.0,23.762376237623762,39.603960396039604,23.762376237623762,29.702970297029704,570.2970297029703,382.1782178217822,31.683168316831686,453.46534653465346,1009.90099009901,1140.5940594059407,940.5940594059406,3958.4158415841584,1932.6732673267327
1659,Valdilecha,40.29548,-3.303884,724.2806,3228.0,0,1,5.0,5.0,5.0,7784,4.178083247687564,2.5,5.0,89,4.699999999999999,4.7,4.7,0,4.735690085449596,4.735690085449596,4.735690085449596,20,12,3.4250000000000003,1.0,5.0,45.871,1.0,3.097893432465923,52.66418835192069,6.195786864931846,9.293680297397769,532.8376703841388,353.1598513011153,92.9368029739777,662.9491945477075,675.3407682775712,1449.814126394052,808.5501858736059,4042.7509293680296,3494.4237918215613
1662,Valverde de Alcalá,40.41972,-3.298921,733.9373,555.0,0,1177,4.476890399320306,2.3,5.0,6850,4.377372262773722,3.8,5.0,351,4.339316239316239,2.3,5.0,33,4.654545454545455,3.7,5.0,25,14,4.1571428571428575,2.7,5.0,42.548,0.0,306.3063063063063,360.36036036036035,198.19819819819818,360.36036036036035,378.3783783783784,306.3063063063063,108.10810810810811,594.5945945945946,504.5045045045045,1045.045045045045,666.6666666666666,3225.225225225225,0.0
1678,Velilla de San Antonio,40.36703,-3.488029,555.8903,14008.0,0,2793,4.365377730039384,3.7,5.0,19627,3.960819279563866,3.4,4.7,12630,4.105384006334125,3.1,5.0,697,4.345911047345767,3.8,5.0,29,427,3.655971896955504,1.0,5.0,21.48,0.0,14.277555682467161,14.277555682467161,14.277555682467161,14.277555682467161,451.88463735008565,280.5539691604797,7.138777841233581,623.929183323815,1089.3774985722443,1465.5910908052542,1072.958309537407,4539.548829240434,3212.4500285551117
1684,Vellón (El),40.76603,-3.582034,894.388,2160.0,0,778,4.716966580976864,4.1,5.0,12516,4.240244487056568,3.2,4.7,258,4.353875968992248,3.6,4.8,178,4.810112359550561,4.3,5.0,27,10,4.1,2.0,5.0,48.389,1.0,55.55555555555556,92.59259259259258,37.03703703703704,83.33333333333333,643.5185185185186,296.2962962962963,41.666666666666664,583.3333333333334,865.7407407407406,972.2222222222223,962.9629629629629,3722.222222222222,1601.8518518518517
1697,Venturada,40.79869,-3.622139,883.1885,2577.0,0,717,4.553417015341701,3.9,5.0,9273,4.143491858082605,3.8,4.9,260,4.380769230769231,3.6,4.8,54,4.964814814814815,4.9,5.0,29,32,3.909375,1.0,5.0,52.667,1.0,42.68529297632906,77.60962359332558,38.80481179666279,73.72914241365929,298.79705083430343,178.50213426464882,31.043849437330227,279.39464493597205,1311.6026387272022,892.5106713232441,1063.2518432285603,3756.3057819169576,2405.8983313930926
1718,Villa del Prado,40.27678,-4.305642,512.4543,7424.0,1,198,3.847979797979798,3.3,5.0,4725,4.195640211640212,2.4,5.0,156,4.360256410256411,3.4,4.8,22,4.954545454545454,4.5,5.0,21,14,4.021428571428571,3.6,5.0,66.911,1.0,4.0409482758620685,26.939655172413794,5.387931034482759,9.428879310344827,538.7931034482758,457.9741379310345,312.5,187.23060344827587,521.2823275862069,972.521551724138,1410.290948275862,3861.799568965517,3943.9655172413795
1701,Villaconejos,40.10424,-3.484903,635.7664,3487.0,0,73,4.423287671232877,3.7,5.0,11211,4.397814646329498,3.5,5.0,63,4.066666666666666,1.0,4.6,4,5.0,5.0,5.0,20,9,4.211111111111111,3.0,5.0,55.549,0.0,14.338973329509608,57.35589331803843,11.471178663607684,14.338973329509608,630.9148264984227,392.88786922856326,269.5726985947806,470.3183252079151,610.8402638371092,1519.9311729280184,866.0739891023802,4129.624318898767,2087.754516776599
1723,Villalbilla,40.43228,-3.298869,744.6702,17967.0,0,1524,4.4086614173228345,2.3,5.0,7362,4.368160825862536,3.8,5.0,380,4.2905263157894735,2.3,5.0,60,4.48,3.7,5.0,25,15,4.213333333333334,2.7,5.0,39.662,1.0,11.131518895753326,11.131518895753326,6.6789113374519955,11.131518895753326,321.7008960872711,224.85668169421717,6.122335392664329,465.29748984248903,1055.2679913174152,1205.5434964100853,967.8855679857517,3924.9735626426223,4116.43568764958
1739,Villamanrique de Tajo,40.06812,-3.240428,549.4291,820.0,0,0,0.0,0.0,0.0,307,4.5,4.5,4.5,17,3.7,3.7,3.7,0,4.735690085449596,4.735690085449596,4.735690085449596,6,0,4.064783939634383,4.064783939634383,4.064783939634383,64.302,1.0,0.0,12.195121951219512,12.195121951219512,12.195121951219512,792.6829268292684,243.90243902439025,317.0731707317073,560.9756097560976,475.609756097561,1012.1951219512196,658.5365853658537,3268.2926829268295,170.7317073170732
1744,Villamanta,40.29961,-4.110051,550.4752,2855.0,0,251,4.860159362549801,4.8,4.9,3137,4.347529486770799,4.1,5.0,92,4.331521739130435,3.2,5.0,120,4.086666666666667,3.0,5.0,23,13,4.230769230769231,1.0,5.0,47.225,0.0,17.513134851138354,31.523642732049034,17.513134851138354,38.52889667250438,563.9229422066551,469.35201401050784,126.09457092819613,266.199649737303,784.5884413309982,812.6094570928196,1075.3064798598948,3534.15061295972,1541.1558669001752
1757,Villamantilla,40.33805,-4.13056,550.092,1620.0,0,234,4.803846153846154,3.0,4.9,5523,4.268676443961614,3.9,5.0,58,3.7586206896551726,3.2,5.0,120,4.086666666666667,3.0,5.0,24,23,4.247826086956521,1.0,5.0,53.9,0.0,37.03703703703704,104.93827160493828,24.691358024691358,80.24691358024693,574.074074074074,376.54320987654324,55.55555555555556,271.60493827160496,987.6543209876543,858.0246913580247,1364.1975308641977,3913.58024691358,3271.604938271605
1760,Villanueva de la Cañada,40.44681,-4.005355,655.8425,23714.0,0,1343,4.430677587490693,3.5,5.0,11195,4.260026797677535,3.1,4.6,983,4.215361139369279,3.0,4.9,597,4.564824120603014,4.2,5.0,27,26,4.473076923076923,3.0,5.0,43.204,1.0,8.433836552247618,8.433836552247618,7.590452897022856,8.433836552247618,277.4732225689466,183.01425318377332,13.915830311208568,149.2789069747828,1405.077169604453,983.3853419920722,1443.0294340895675,4177.700936155857,16005.735008855529
1782,Villanueva de Perales,40.34705,-4.101031,594.7557,1718.0,0,383,4.867624020887728,4.8,5.0,6148,4.293510084580351,3.1,5.0,192,4.1375,3.2,5.0,271,4.484132841328413,3.0,5.0,24,10,3.9,1.0,5.0,50.249,0.0,58.207217694994185,116.41443538998837,58.207217694994185,116.41443538998837,552.9685681024447,285.21536670547147,69.84866123399301,180.44237485448195,867.2875436554133,1268.9173457508732,1385.3317811408613,4057.0430733410944,1734.5750873108266
1776,Villanueva del Pardillo,40.49063,-3.964322,653.1323,17994.0,0,3680,4.50195652173913,3.5,5.0,12326,4.017783546973877,2.5,4.6,1016,4.103346456692913,2.0,4.9,325,4.7092307692307696,3.0,4.9,25,13,3.923076923076923,3.0,5.0,28.83,0.0,11.114816049794376,11.114816049794376,11.114816049794376,11.114816049794376,330.110036678893,229.52095142825385,10.00333444481494,196.73224408136045,1602.7564743803491,1220.9625430699123,1483.2722018450595,4743.24774924975,5039.457596976769
1795,Villar del Olmo,40.33669,-3.235551,680.3748,2274.0,0,0,4.429228629815559,4.429228629815559,4.429228629815559,5735,3.9342632955536176,3.2,4.8,112,4.571428571428571,3.4,5.0,18,4.555555555555555,4.5,5.0,22,9,3.4444444444444446,3.0,5.0,48.941,0.0,17.590149516270888,87.95074758135445,26.385224274406333,52.770448548812666,505.716798592788,448.54881266490764,17.590149516270888,549.6921723834653,1213.7203166226914,1737.0272647317504,1350.0439753737905,5316.622691292876,43.975373790677224
1809,Villarejo de Salvanés,40.16873,-3.275975,759.0782,7887.0,1,141,4.657446808510638,4.3,4.9,5276,4.325322213798333,2.8,4.7,70,4.618571428571428,4.0,5.0,22,5.0,5.0,5.0,22,11,4.0,1.0,5.0,50.672,2.0,5.071636870800051,25.358184354000255,6.339546088500064,10.143273741600103,607.3285152783061,311.90566755420315,96.36110054520097,963.6110054520096,729.0478001775074,1015.5952833777102,891.340180043109,4007.8610371497402,7873.716241917079
1816,Villaviciosa de Odón,40.3571,-3.90059,647.7311,29294.0,0,5433,4.121369409166206,3.6,5.0,29705,4.137700723783874,3.4,4.6,30173,4.202462466443509,3.5,4.9,210,4.755238095238095,1.0,5.0,44,1957,3.8469596320899337,2.0,5.0,26.157,3.0,6.827336655970506,6.827336655970506,6.827336655970506,6.827336655970506,268.6556974124394,208.57513483989894,7.8514371543660815,272.0693657404247,1326.5515122550692,1093.3979654536765,1232.6756332354748,4141.1210486789105,8769.031200928517
1821,Villavieja del Lozoya,41.00592,-3.671118,1062.474,327.0,0,0,4.429228629815559,4.429228629815559,4.429228629815559,18655,4.109675690163495,3.0,4.9,70,3.3514285714285714,2.6,5.0,46,5.0,5.0,5.0,32,118,4.517796610169492,3.0,5.0,80.015,0.0,30.581039755351682,611.6207951070336,122.32415902140673,244.64831804281346,397.5535168195719,397.5535168195719,152.9051987767584,305.8103975535168,672.782874617737,703.3639143730887,1223.2415902140672,3455.65749235474,1162.079510703364
1837,Zarzalejo,40.54749,-4.181604,1105.808,1870.0,0,681,4.905286343612334,3.3,5.0,24261,4.287679815341495,3.2,4.9,467,4.5139186295503215,3.9,5.0,133,4.257894736842105,3.9,4.8,26,409,3.9410757946210273,3.0,5.0,65.28,0.0,106.951871657754,106.951871657754,69.5187165775401,106.951871657754,663.1016042780749,513.3689839572193,64.1711229946524,213.903743315508,764.7058823529412,695.1871657754011,1304.812834224599,3556.1497326203207,2962.566844919786
