cod_municipio,municipio,latitud,longitud,poblacion,g_supermercados_count,g_supermercados_reviews,g_supermercados_rating_wavg,g_conveniencia_count,g_conveniencia_reviews,g_conveniencia_rating_wavg,g_farmacias_count,g_farmacias_reviews,g_farmacias_rating_wavg,g_bancos_count,g_bancos_reviews,g_bancos_rating_wavg,g_cajeros_count,g_cajeros_reviews,g_cajeros_rating_wavg,g_gasolineras_count,g_gasolineras_reviews,g_gasolineras_rating_wavg,g_hospitales_clinicas_count,g_hospitales_clinicas_reviews,g_hospitales_clinicas_rating_wavg,g_medicos_familia_count,g_medicos_familia_reviews,g_medicos_familia_rating_wavg,g_escuelas_infantiles_count,g_escuelas_infantiles_reviews,g_escuelas_infantiles_rating_wavg,g_colegios_institutos_count,g_colegios_institutos_reviews,g_colegios_institutos_rating_wavg,g_universidad_fp_count,g_universidad_fp_reviews,g_universidad_fp_rating_wavg,g_paradas_bus_count,g_paradas_bus_reviews,g_paradas_bus_rating_wavg,g_estaciones_principales_count,g_estaciones_principales_reviews,g_estaciones_principales_rating_wavg,g_aparcamientos_count,g_aparcamientos_reviews,g_aparcamientos_rating_wavg,g_restaurantes_count,g_restaurantes_reviews,g_restaurantes_rating_wavg,g_cafeterias_count,g_cafeterias_reviews,g_cafeterias_rating_wavg,g_bares_count,g_bares_reviews,g_bares_rating_wavg,g_cines_count,g_cines_reviews,g_cines_rating_wavg,g_gimnasios_count,g_gimnasios_reviews,g_gimnasios_rating_wavg,g_parques_count,g_parques_reviews,g_parques_rating_wavg,g_centros_comerciales_count,g_centros_comerciales_reviews,g_centros_comerciales_rating_wavg,g_comisarias_count,g_comisarias_reviews,g_comisarias_rating_wavg,g_bomberos_count,g_bomberos_reviews,g_bomberos_rating_wavg,g_ayuntamientos_count,g_ayuntamientos_reviews,g_ayuntamientos_rating_wavg,g_juzgados_count,g_juzgados_reviews,g_juzgados_rating_wavg,aq_aqi,aq_co_value,aq_no2_value,aq_o3_value,aq_pm10_value,aq_pm25_value,aq_so2_value
14,Acebeda (La),41.08697,-3.624634,68.0,0,0,,0,0,,0,0,,0,0,,0,0,,0,0,,20,485,4.341,0,0,,20,485,4.341,1,0,,20,485,4.341,20,485,4.341,4,0,,1,5,4.2,1,254,4.5,0,0,,1,38,4.3,0,0,,0,0,,1,41,2.9,0,0,,0,0,,0,0,,1,14,3.6,20,485,4.341,74,283.58,1.97,32.7,7.25,3.9,0.73
29,Ajalvir,40.53437,-3.481002,4946.0,6,2750,4.015,4,345,3.917,4,113,4.158,8,147,2.704,11,118,2.843,5,627,4.127,21,566,3.593,6,187,3.421,20,535,3.535,11,96,4.808,20,535,3.535,21,535,3.535,20,19,4.374,3,0,,20,9306,4.194,13,2726,4.336,20,5626,4.225,0,0,,11,365,4.845,20,958,4.142,0,0,,3,6,3.7,0,0,,2,453,3.705,20,535,3.535,81,500.25,16.55,19.29,21.22,10.2,2.71
35,Alameda del Valle,40.9179,-3.843788,256.0,0,0,,1,1,5.0,1,15,4.7,0,0,,0,0,,0,0,,20,2970,4.358,0,0,,20,2970,4.358,1,0,,20,2970,4.358,22,2975,4.358,10,8,4.263,0,0,,9,3231,4.336,0,0,,5,1391,4.372,0,0,,0,0,,19,333,4.529,0,0,,0,0,,0,0,,2,40,4.342,20,2970,4.358,75,459.92,3.16,31.95,17.52,9.71,1.15
40,Álamo (El),40.22972,-3.992688,10413.0,4,863,4.011,3,164,3.907,3,142,3.861,4,38,2.442,4,22,3.273,7,475,4.028,20,2400,4.526,2,63,2.376,20,2400,4.526,5,26,4.627,20,2400,4.526,21,2400,4.526,20,9,4.211,5,20,3.44,20,5350,4.003,4,1211,4.22,13,2145,4.093,0,0,,5,484,4.097,12,374,3.873,2,121,4.245,1,3,1.0,0,0,,1,162,3.6,20,2400,4.526,86,346.09,10.31,9.3,12.77,8.76,0.98
88,Aldea del Fresno,40.32399,-4.202217,3422.0,2,1291,4.3,0,0,,1,23,3.8,2,19,2.016,2,7,2.9,3,11,3.645,21,1876,4.162,3,30,2.0,20,1850,4.195,2,0,,20,1850,4.195,21,1857,4.195,8,12,3.975,8,33,1.818,7,2362,4.154,1,109,4.7,11,2060,4.148,0,0,,2,31,4.497,9,91,4.374,0,0,,2,1,5.0,1,12,4.8,1,132,3.8,20,1850,4.195,78,133.63,4.19,28.33,4.73,4.73,2.62
91,Algete,40.59642,-3.497902,21134.0,12,5305,4.071,1,446,3.9,6,293,4.301,6,178,2.43,7,155,2.583,6,545,3.925,22,3645,4.161,7,98,4.772,20,3336,4.175,13,161,4.924,20,3336,4.175,22,3337,4.174,20,19,3.584,4,0,,20,4668,4.308,5,477,4.217,20,1926,4.201,0,0,,14,1134,4.785,20,1985,4.121,2,916,4.103,2,11,3.9,0,0,,1,314,2.8,20,3336,4.175,74,479.66,14.89,33.1,13.6,3.0,2.33
105,Alpedrete,40.65875,-4.023713,15655.0,10,6249,4.115,3,673,3.997,4,226,3.7,3,99,2.129,3,67,2.096,10,3205,3.852,24,13219,3.9,9,2533,3.886,20,10815,3.918,16,79,4.913,20,10815,3.918,21,10815,3.918,21,96,3.63,8,54,3.793,20,12314,4.092,15,4994,3.612,20,4534,4.454,1,3544,4.0,15,1277,4.029,20,1012,4.298,1,8252,3.9,1,0,,0,0,,1,143,3.6,20,10815,3.918,63,539.59,11.99,2.53,22.62,22.62,1.52
112,Ambite,40.3292,-3.181895,701.0,0,0,,0,0,,1,50,4.9,0,0,,0,0,,0,0,,20,205,4.512,1,6,5.0,20,205,4.512,2,2,5.0,20,205,4.512,20,205,4.512,7,6,5.0,0,0,,2,140,4.643,0,0,,3,173,4.463,0,0,,0,0,,8,213,4.511,0,0,,0,0,,0,0,,1,47,4.0,20,205,4.512,75,274.63,5.52,31.41,12.0,12.0,1.96
127,Anchuelo,40.46549,-3.268585,1393.0,1,38,4.8,0,0,,1,11,4.6,0,0,,0,0,,0,0,,20,1616,4.322,0,0,,20,1616,4.322,0,0,,20,1616,4.322,20,1616,4.322,1,3,2.7,1,1,5.0,4,762,4.267,1,257,4.4,2,300,4.443,0,0,,0,0,,6,23,4.739,0,0,,0,0,,0,0,,1,82,4.1,20,1616,4.322,77,431.46,12.88,11.22,22.71,14.03,2.43
151,Arroyomolinos,40.26884,-3.920291,37299.0,8,5546,4.027,1,1,5.0,13,910,4.341,7,209,2.045,5,123,2.013,1,25,4.4,26,2959,3.94,7,893,3.884,20,2282,4.242,20,365,4.856,21,2282,4.242,21,2285,4.24,20,8,3.75,20,39,4.138,20,12777,4.175,15,7003,4.353,18,9535,4.224,0,0,,19,2792,4.261,20,2602,4.475,2,22,4.1,2,22,4.6,0,0,,1,229,3.1,20,2282,4.242,85,419.29,10.14,4.63,10.4,9.49,0.55
164,Atazar (El),40.93333,-3.466667,107.0,0,0,,0,0,,0,0,,0,0,,0,0,,0,0,,20,1083,4.273,0,0,,20,1083,4.273,0,0,,20,1083,4.273,20,1083,4.273,1,11,4.6,1,3,4.3,2,710,4.224,0,0,,1,542,4.2,0,0,,0,0,,2,89,4.6,0,0,,0,0,,0,0,,1,30,2.7,20,1083,4.273,71,262.06,2.13,37.17,4.02,4.0,0.76
170,Batres,40.21029,-3.922307,1957.0,0,0,,1,2,2.5,1,17,4.9,0,0,,0,0,,0,0,,20,771,4.183,0,0,,20,771,4.183,1,0,,20,771,4.183,20,771,4.183,1,2,3.0,0,0,,1,136,3.9,0,0,,1,136,3.9,0,0,,0,0,,0,0,,0,0,,0,0,,0,0,,1,55,3.0,20,771,4.183,74,384.38,15.67,6.1,25.19,15.96,0.79
186,Becerril de la Sierra,40.71638,-3.989412,6553.0,2,614,3.804,2,471,3.736,3,49,4.139,3,40,3.685,2,15,4.5,1,242,3.7,20,7638,4.368,6,211,4.28,20,7638,4.368,3,29,5.0,20,7638,4.368,21,7641,4.367,20,50,4.382,9,30,4.02,20,10755,4.474,5,3528,4.434,15,8478,4.525,0,0,,7,159,4.897,20,697,4.696,0,0,,2,5,4.0,0,0,,1,111,3.8,20,7638,4.368,66,579.84,9.78,17.67,21.2,21.2,1.49
199,Belmonte de Tajo,40.13364,-3.339654,1919.0,1,26,4.0,0,0,,2,11,4.182,1,11,1.8,1,0,,0,0,,21,736,4.408,0,0,,20,735,4.407,1,0,,20,735,4.407,21,735,4.407,8,0,,1,0,,3,454,4.324,1,309,4.4,5,764,4.409,0,0,,1,6,4.3,3,86,4.6,0,0,,0,0,,0,0,,1,51,4.2,20,735,4.407,76,290.62,8.72,15.71,15.69,14.67,1.9
210,Berrueco (El),40.88814,-3.561255,828.0,1,366,4.2,0,0,,1,6,4.2,0,0,,0,0,,0,0,,20,2926,4.264,0,0,,20,2926,4.264,1,0,,20,2926,4.264,20,2926,4.264,9,2,3.0,2,1,5.0,5,6126,4.217,1,1355,3.9,3,1663,3.928,0,0,,1,0,,12,1384,4.28,0,0,,0,0,,0,0,,1,66,4.3,20,2926,4.264,76,280.11,4.2,31.04,12.49,8.48,0.84
203,Berzosa del Lozoya,40.97594,-3.525082,234.0,1,57,4.5,0,0,,0,0,,0,0,,0,0,,0,0,,20,330,4.517,0,0,,20,330,4.517,0,0,,20,330,4.517,22,330,4.517,11,0,,0,0,,2,571,4.597,0,0,,3,62,4.5,0,0,,0,0,,5,4,3.5,0,0,,0,0,,0,0,,1,12,4.3,20,330,4.517,73,266.28,3.65,33.93,10.03,9.06,0.76
231,Boalo (El),40.71746,-3.920084,8548.0,3,2239,4.105,0,0,,2,40,3.855,1,8,3.0,2,3,1.0,2,153,4.0,21,2247,4.467,0,0,,20,2247,4.467,9,234,4.903,20,2247,4.467,22,2251,4.466,20,13,3.923,6,51,4.235,20,11869,4.267,6,1080,4.508,13,4010,4.392,0,0,,5,322,4.875,20,142,4.407,0,0,,2,3,2.3,0,0,,1,77,3.2,20,2247,4.467,61,509.95,6.63,20.79,24.32,24.32,1.5
246,Braojos,41.04005,-3.643112,219.0,0,0,,0,0,,1,3,5.0,0,0,,0,0,,2,883,3.9,20,1964,4.687,0,0,,20,1964,4.687,1,0,,20,1964,4.687,23,1971,4.685,9,7,4.286,0,0,,4,943,4.433,1,465,3.9,3,1268,4.723,0,0,,0,0,,12,84,4.332,0,0,,0,0,,0,0,,2,34,4.4,20,1964,4.687,75,284.8,1.8,31.5,8.7,7.07,0.79
259,Brea de Tajo,40.23012,-3.109499,567.0,1,31,4.4,0,0,,2,4,4.3,0,0,,1,0,,0,0,,21,311,4.315,0,0,,20,311,4.315,3,0,,20,311,4.315,20,311,4.315,3,0,,1,7,4.6,1,17,4.4,0,0,,4,120,4.313,0,0,,3,1,3.0,12,6,4.483,0,0,,0,0,,0,0,,1,65,4.6,20,311,4.315,75,261.9,5.89,31.83,12.89,12.89,1.9
262,Brunete,40.40554,-3.997736,11263.0,6,2591,4.092,3,337,3.926,4,346,4.486,4,72,2.1,5,63,2.19,2,954,4.021,23,1512,4.081,8,696,3.304,20,1439,4.047,8,375,4.454,20,1439,4.047,22,1439,4.047,20,16,4.119,2,2,1.0,20,6611,4.189,12,2249,4.331,10,2291,4.263,0,0,,10,518,4.674,20,240,4.138,0,0,,2,7,3.9,0,0,,1,123,3.9,20,1439,4.047,76,365.14,15.89,6.09,19.73,15.13,1.31
278,Buitrago del Lozoya,40.99368,-3.636723,1970.0,4,855,3.964,2,403,3.767,1,45,2.6,2,59,2.163,2,39,2.4,3,493,4.1,21,6768,4.322,1,9,5.0,20,6765,4.322,3,0,,20,6765,4.322,23,6802,4.323,13,73,4.542,11,12,4.158,20,17523,3.97,4,1328,4.202,14,7816,3.932,0,0,,1,0,,12,661,4.233,0,0,,1,10,4.6,0,0,,1,84,4.1,20,6765,4.322,76,290.44,3.41,30.69,14.44,10.43,0.83
284,Bustarviejo,40.85811,-3.70969,2833.0,3,295,4.249,2,161,4.007,1,23,3.6,2,18,3.567,2,11,4.5,0,0,,20,610,4.385,0,0,,20,610,4.385,2,0,,20,610,4.385,20,610,4.385,15,15,3.853,6,10,4.1,10,4753,4.444,2,1044,4.423,9,1429,4.348,0,0,,0,0,,12,170,4.471,0,0,,1,0,,0,0,,1,155,3.4,20,610,4.385,83,385.14,2.73,22.0,16.06,10.24,1.16
297,Cabanillas de la Sierra,40.81968,-3.626066,949.0,1,23,3.5,1,6,4.5,2,38,4.4,1,10,2.7,1,0,,0,0,,20,493,4.348,1,7,1.0,20,493,4.348,4,3,5.0,20,493,4.348,23,497,4.349,17,20,3.56,1,0,,9,2111,4.264,0,0,,5,611,4.363,0,0,,1,0,,10,25,4.268,0,0,,0,0,,0,0,,3,180,4.05,20,493,4.348,84,359.83,3.04,20.32,15.49,7.34,1.16
301,Cabrera (La),40.86399,-3.615572,2952.0,3,825,3.859,1,10,4.6,1,49,3.5,1,32,4.2,1,32,4.2,4,436,3.883,20,2611,4.126,2,2,5.0,20,2611,4.126,4,0,,20,2611,4.126,22,2611,4.126,16,7,3.714,5,37,4.381,18,14327,4.123,6,617,4.317,8,6026,4.095,0,0,,3,267,4.24,19,2664,4.231,0,0,,1,0,,2,0,,0,0,,20,2611,4.126,81,317.48,3.96,24.81,17.54,9.83,0.98
318,Cadalso de los Vidrios,40.30094,-4.443737,3274.0,4,323,4.037,2,271,4.018,0,0,,3,25,3.532,4,21,3.824,2,154,4.0,21,1334,4.258,1,1,5.0,20,1334,4.258,2,0,,20,1334,4.258,21,1335,4.258,7,1,3.0,0,0,,11,2638,4.3,3,246,3.931,16,2510,4.286,0,0,,0,0,,11,44,4.495,0,0,,0,0,,0,0,,0,0,,20,1334,4.258,75,89.75,1.22,32.02,4.81,4.81,2.78
323,Camarma de Esteruelas,40.54861,-3.377597,8107.0,2,281,3.948,2,205,3.81,2,113,4.397,2,25,2.232,3,14,2.457,0,0,,20,729,4.175,0,0,,20,729,4.175,7,9,3.7,20,729,4.175,21,731,4.171,20,9,3.889,3,35,4.08,10,2242,4.429,3,466,4.424,6,342,4.142,0,0,,3,115,4.937,9,506,3.977,0,0,,0,0,,0,0,,1,104,3.0,20,729,4.175,85,467.14,9.7,11.59,17.43,8.33,2.26
339,Campo Real,40.33815,-3.380982,6766.0,2,837,4.099,1,11,4.9,2,66,4.6,4,55,2.969,4,39,3.326,1,245,3.7,21,425,4.078,4,89,2.978,20,423,4.074,3,4,5.0,20,423,4.074,21,424,4.073,7,8,2.65,2,17,3.9,20,5092,4.266,5,1185,4.459,11,3067,4.282,0,0,,3,196,4.015,8,143,4.077,0,0,,2,9,4.6,0,0,,1,226,3.8,20,423,4.074,88,384.31,9.78,10.43,13.44,7.01,2.46
344,Canencia,40.90981,-3.737718,468.0,1,33,4.5,0,0,,1,5,4.0,0,0,,0,0,,0,0,,20,2114,4.441,0,0,,20,2114,4.441,1,0,,20,2114,4.441,20,2114,4.441,2,9,4.578,0,0,,4,2133,4.38,1,296,4.4,3,811,4.405,0,0,,0,0,,9,35,4.92,0,0,,0,0,,0,0,,1,84,4.3,20,2114,4.441,77,367.19,4.15,26.04,20.53,14.47,1.07
357,Carabaña,40.25669,-3.234641,2375.0,2,227,4.0,0,0,,2,18,4.906,0,0,,0,0,,0,0,,20,1961,4.513,0,0,,20,1961,4.513,3,0,,20,1961,4.513,20,1961,4.513,15,8,4.612,5,2,3.0,5,2411,4.523,0,0,,9,476,4.371,0,0,,0,0,,9,139,4.374,0,0,,1,2,5.0,0,0,,0,0,,20,1961,4.513,73,262.98,7.13,34.34,16.41,16.41,1.91
360,Casarrubuelos,40.17114,-3.833068,4225.0,6,1985,4.15,2,8,4.212,7,278,4.578,2,20,4.37,2,0,,4,361,3.688,20,2795,4.269,7,363,3.91,20,2795,4.269,14,52,4.804,20,2795,4.269,20,2795,4.269,20,13,1.923,19,49,2.898,20,17987,4.171,7,958,4.223,12,5803,4.264,1,0,,6,410,4.93,16,279,4.05,3,22,4.0,1,0,,0,0,,2,226,3.749,20,2795,4.269,72,386.8,9.34,15.65,31.48,17.38,0.82
376,Cenicientos,40.26463,-4.464909,2141.0,4,43,4.251,2,1,5.0,1,4,2.0,3,2,2.5,3,0,,3,44,3.95,20,567,4.494,0,0,,20,567,4.494,2,0,,20,567,4.494,20,567,4.494,8,9,3.667,0,0,,11,1865,4.351,2,292,4.466,10,1138,4.425,0,0,,0,0,,8,4,5.0,0,0,,1,0,,1,0,,1,48,4.2,20,567,4.494,75,88.17,3.14,31.56,10.82,8.41,2.74
382,Cercedilla,40.74145,-4.054667,7646.0,4,989,3.946,2,597,3.998,3,94,4.42,3,50,3.606,3,36,4.114,2,203,4.246,20,4650,4.442,4,57,5.0,20,4650,4.442,10,15,4.4,20,4650,4.442,20,4650,4.442,21,207,4.014,5,105,3.995,20,15196,4.381,10,2060,4.565,18,9213,4.405,0,0,,3,90,4.498,20,942,4.487,0,0,,2,2,5.0,0,0,,1,392,3.6,20,4650,4.442,59,486.37,4.98,23.04,25.2,25.2,1.45
395,Cervera de Buitrago,40.92196,-3.53016,161.0,0,0,,0,0,,0,0,,0,0,,0,0,,0,0,,20,1485,4.189,0,0,,20,1485,4.189,0,0,,20,1485,4.189,20,1485,4.189,10,3,5.0,1,0,,1,746,4.4,0,0,,1,746,4.4,0,0,,0,0,,6,401,3.955,0,0,,0,0,,0,0,,1,7,4.9,20,1485,4.189,74,267.76,1.71,33.57,4.91,4.27,0.78
513,Chapinería,40.37918,-4.20943,2634.0,1,78,4.5,0,0,,1,22,4.6,2,15,2.5,3,4,3.025,0,0,,20,1122,4.563,0,0,,20,1122,4.563,6,724,4.722,20,1122,4.563,21,1125,4.564,2,5,3.4,1,5,4.2,8,2193,4.574,2,257,4.659,3,604,4.712,2,16,5.0,2,81,4.785,8,90,4.744,0,0,,0,0,,0,0,,1,33,3.2,20,1122,4.563,80,170.22,6.66,23.98,12.42,12.41,2.39
528,Chinchón,40.14019,-3.415684,5820.0,2,634,3.877,4,477,3.691,2,36,4.2,3,15,2.3,3,12,2.3,1,303,4.3,21,11751,4.341,2,8,3.0,20,11746,4.341,5,4,5.0,20,11746,4.341,20,11746,4.341,12,11,4.191,16,367,4.018,20,23583,4.257,4,2368,4.233,20,8680,4.169,0,0,,3,59,4.358,11,457,3.949,1,42,3.9,2,8,2.4,0,0,,0,0,,20,11746,4.341,71,315.44,9.66,11.03,27.39,17.91,1.9
409,Ciempozuelos,40.15934,-3.6184,26046.0,9,3486,4.025,4,358,3.946,8,365,4.194,10,152,2.032,11,114,2.096,8,1015,4.108,23,2806,4.056,11,203,4.624,20,2796,4.057,14,322,4.804,21,2804,4.058,20,2796,4.057,21,112,2.834,13,112,4.725,20,8523,4.117,10,1431,4.387,20,6589,4.239,0,0,,10,313,4.51,14,920,3.97,0,0,,2,8,3.4,0,0,,1,361,3.4,20,2796,4.057,75,344.19,6.02,3.73,25.21,15.81,1.51
416,Cobeña,40.56733,-3.504839,7742.0,6,1156,4.062,2,266,4.25,2,136,4.635,3,70,2.853,4,47,2.802,4,487,4.246,21,1178,4.125,4,114,3.726,20,1133,4.122,6,16,4.675,20,1133,4.122,20,1133,4.122,16,10,3.9,0,0,,9,8524,4.268,3,277,4.265,11,1444,4.084,0,0,,3,181,4.803,16,865,4.354,1,6,3.3,1,0,,0,0,,1,236,4.1,20,1133,4.122,80,456.67,8.85,24.95,17.8,8.72,2.4
468,Collado Mediano,40.69389,-4.023123,7564.0,5,604,3.802,2,361,3.823,3,86,4.336,3,28,2.7,2,14,3.3,2,290,3.915,21,1849,4.313,1,0,,20,1790,4.392,8,53,4.983,20,1790,4.392,20,1790,4.392,20,44,4.102,3,35,4.671,15,7112,4.512,6,547,4.362,10,1526,4.424,0,0,,3,130,4.929,20,334,4.249,0,0,,1,0,,0,0,,1,220,3.7,20,1790,4.392,56,484.84,8.12,8.28,28.5,28.5,1.51
437,Colmenar de Oreja,40.10758,-3.387693,8982.0,6,807,4.394,1,238,4.3,3,60,4.22,4,32,3.397,4,29,3.541,1,127,3.9,20,3066,4.375,2,9,4.533,20,3066,4.375,4,15,4.5,20,3066,4.375,20,3066,4.375,12,6,4.667,8,13,3.938,15,7781,4.288,5,958,4.467,9,4102,4.292,0,0,,3,16,4.675,11,179,4.442,0,0,,2,1,5.0,0,0,,1,117,3.1,20,3066,4.375,70,305.6,9.77,12.14,27.68,18.32,1.82
421,Colmenar del Arroyo,40.41858,-4.198538,2013.0,1,107,4.1,0,0,,2,12,4.6,0,0,,0,0,,0,0,,20,1385,4.32,0,0,,20,1385,4.32,2,0,,20,1385,4.32,21,1385,4.32,13,7,5.0,0,0,,4,1299,4.503,1,228,4.3,4,898,4.37,0,0,,1,23,5.0,13,21,4.529,0,0,,0,0,,0,0,,1,170,4.4,20,1385,4.32,77,213.37,7.86,18.86,14.5,14.5,2.12
442,Colmenarejo,40.56101,-4.016842,9741.0,13,4009,4.115,4,16,4.0,8,326,4.148,7,394,3.715,7,336,3.982,8,1125,4.158,22,724,4.341,13,442,4.436,20,695,4.322,20,157,4.866,24,797,4.332,23,701,4.312,20,26,3.577,8,112,3.022,20,7474,4.22,18,3317,4.423,20,6001,4.331,0,0,,13,1106,4.153,20,584,3.871,0,0,,1,0,,0,0,,2,457,2.972,20,695,4.322,56,408.43,10.53,2.79,28.26,28.26,1.55
480,Corpa,40.42489,-3.262723,795.0,1,40,3.9,2,185,4.0,1,32,4.8,0,0,,0,0,,3,285,4.0,20,803,4.155,0,0,,20,803,4.155,1,0,,20,803,4.155,20,803,4.155,16,6,4.667,1,1,5.0,5,602,4.046,1,0,,3,206,4.055,0,0,,3,3,4.333,5,27,4.3,0,0,,0,0,,0,0,,1,21,4.4,20,803,4.155,85,401.32,10.37,14.63,14.93,9.59,2.39
506,Cubas de la Sagra,40.1917,-3.837347,6984.0,6,1465,4.116,1,0,,5,151,4.62,4,57,3.367,4,37,2.824,0,0,,20,7546,4.357,7,500,4.292,20,7546,4.357,11,25,4.076,20,7546,4.357,20,7546,4.357,20,3,3.0,14,5,4.6,15,2910,4.313,3,684,4.278,6,878,4.159,0,0,,5,252,4.742,19,667,4.08,1,36,4.2,1,0,,0,0,,2,226,3.749,20,7546,4.357,78,392.67,9.33,10.69,24.36,13.57,0.86
534,Daganzo de Arriba,40.54481,-3.457924,10673.0,5,2716,4.01,3,344,3.914,4,113,4.158,8,147,2.704,11,118,2.843,5,701,4.126,22,1437,4.2,4,168,3.299,20,1205,4.406,13,99,4.814,20,1205,4.406,21,1205,4.406,20,8,4.75,2,0,,20,12491,4.169,12,2672,4.337,20,5091,4.235,1,2,5.0,12,386,4.762,20,1179,4.15,0,0,,3,6,3.7,0,0,,2,453,3.705,20,1205,4.406,84,475.64,11.08,16.54,17.94,8.65,2.61
549,Escorial (El),40.58508,-4.12952,17262.0,10,5497,3.987,10,1278,4.006,11,469,4.39,8,170,2.266,10,121,2.474,6,812,4.177,26,47393,4.553,15,672,3.132,20,47148,4.557,21,121,4.77,22,47149,4.557,21,47237,4.554,20,270,4.166,15,707,3.588,20,25807,4.166,20,12755,4.123,20,14783,4.173,0,0,,20,1101,4.665,20,6019,4.284,3,1647,4.078,1,23,4.0,1,9,4.4,3,249,3.551,20,47148,4.557,56,378.4,8.38,4.99,28.12,28.12,1.57
552,Estremera,40.18403,-3.106115,1451.0,1,143,3.1,0,0,,1,14,4.8,1,0,,2,0,,1,119,3.8,20,770,4.05,1,0,,20,770,4.05,3,0,,20,770,4.05,21,770,4.05,6,1,5.0,1,0,,4,771,4.088,1,53,4.6,2,152,4.685,0,0,,0,0,,3,7,4.571,0,0,,1,0,,0,0,,1,31,4.2,20,770,4.05,72,261.98,9.1,26.69,17.67,17.67,1.9
565,Fresnedillas de la Oliva,40.48651,-4.172033,1833.0,2,52,4.092,0,0,,1,15,3.9,0,0,,1,0,,0,0,,20,2584,4.476,1,0,,20,2584,4.476,3,1,5.0,20,2584,4.476,21,2586,4.475,16,2,3.0,1,1,5.0,6,2108,4.539,1,987,4.5,4,1349,4.458,0,0,,3,33,4.855,9,187,4.649,0,0,,0,0,,0,0,,1,125,4.2,20,2584,4.476,68,288.74,8.99,13.58,19.99,19.99,1.83
571,Fresno de Torote,40.59229,-3.41205,2547.0,0,0,,0,0,,0,0,,0,0,,0,0,,0,0,,8,87,4.517,0,0,,8,87,4.517,0,0,,8,87,4.517,8,87,4.517,3,4,4.775,0,0,,0,0,,0,0,,0,0,,0,0,,0,0,,0,0,,0,0,,0,0,,0,0,,0,0,,8,87,4.517,84,415.86,8.73,20.94,17.11,8.48,1.98
590,Fuente el Saz de Jarama,40.63877,-3.51129,7384.0,5,3207,4.132,3,288,4.576,3,219,4.487,2,40,2.6,2,20,1.9,4,352,3.772,21,730,4.232,3,100,2.9,20,714,4.231,7,13,5.0,21,714,4.231,20,714,4.231,20,16,3.619,3,5,3.8,20,4348,4.263,4,883,4.09,19,3208,4.32,0,0,,5,196,4.626,9,30,3.987,2,28,3.143,1,0,,0,0,,1,200,3.6,20,714,4.231,77,425.13,7.54,29.36,18.17,8.73,1.98
604,Fuentidueña de Tajo,40.11819,-3.159549,2319.0,3,178,4.024,0,0,,1,32,4.3,2,10,2.72,2,3,2.3,1,298,3.8,20,1199,4.114,1,1,5.0,20,1199,4.114,2,0,,20,1199,4.114,21,1199,4.114,7,3,5.0,3,3,4.0,4,6458,4.193,1,139,4.3,6,3800,4.287,0,0,,2,67,4.028,13,47,4.609,0,0,,1,4,5.0,0,0,,2,42,4.295,20,1199,4.114,70,264.7,10.83,19.31,18.58,18.58,1.88
611,Galapagar,40.57736,-4.00357,36112.0,14,5810,4.111,5,16,4.0,11,388,4.099,7,394,3.715,8,341,3.977,10,1506,4.131,22,2254,4.238,14,442,4.436,20,2225,4.231,20,157,4.866,21,2225,4.231,23,2231,4.228,20,33,3.918,8,120,3.084,20,10980,4.243,18,3540,4.389,20,6726,4.307,0,0,,14,1116,4.158,20,1211,4.146,0,0,,2,20,4.3,1,2,5.0,2,457,2.972,20,2225,4.231,55,418.88,10.13,2.47,29.11,29.11,1.55
626,Garganta de los Montes,40.92143,-3.689205,415.0,1,16,4.8,0,0,,1,10,4.9,0,0,,0,0,,0,0,,20,1476,4.453,0,0,,20,1476,4.453,0,0,,20,1476,4.453,21,1476,4.453,11,3,3.7,1,1,3.0,2,886,4.229,0,0,,2,511,4.399,0,0,,0,0,,20,51,4.824,0,0,,0,0,,0,0,,0,0,,20,1476,4.453,79,333.9,2.34,26.22,12.71,8.51,0.98
632,Gargantilla del Lozoya y Pinilla de Buitrago,40.96463,-3.718601,401.0,2,144,4.3,0,0,,1,17,4.8,0,0,,0,0,,0,0,,20,5737,4.341,0,0,,20,5737,4.341,1,0,,20,5737,4.341,21,5737,4.341,14,1,5.0,0,0,,7,2263,4.097,1,186,4.1,5,744,4.118,0,0,,0,0,,10,1905,4.286,0,0,,0,0,,0,0,,0,0,,20,5737,4.341,77,331.72,3.06,27.73,18.33,14.11,0.96
647,Gascones,41.01809,-3.641817,236.0,0,0,,0,0,,1,3,5.0,0,0,,0,0,,2,132,4.1,20,2505,4.683,0,0,,20,2505,4.683,1,0,,20,2505,4.683,23,2512,4.682,12,8,4.25,5,3,4.3,7,3563,4.308,0,0,,6,4051,4.424,0,0,,0,0,,12,533,4.211,0,0,,0,0,,0,0,,2,34,4.4,20,2505,4.683,75,287.67,3.16,31.11,14.35,11.46,0.81
663,Griñón,40.21424,-3.856192,10714.0,7,2936,4.108,2,5,4.2,4,165,4.341,8,140,2.402,7,126,2.434,5,399,3.721,22,8445,4.308,9,677,4.612,20,8399,4.313,18,89,4.598,20,8399,4.313,20,8399,4.313,20,3,4.667,10,3,5.0,20,10307,4.207,5,770,4.112,17,5491,4.251,0,0,,9,203,4.724,16,500,4.035,2,377,4.2,2,14,4.1,0,0,,0,0,,20,8399,4.313,73,401.91,11.99,5.98,28.82,16.74,0.9
679,Guadalix de la Sierra,40.78483,-3.692719,6912.0,4,1163,3.786,1,94,4.4,3,110,4.611,2,33,3.015,2,25,3.5,2,302,4.0,20,518,4.413,1,2,5.0,20,518,4.413,8,48,4.96,20,518,4.413,21,520,4.414,17,12,4.492,9,49,4.147,20,6168,4.387,6,718,4.318,16,7607,4.349,0,0,,3,292,4.027,9,20,4.215,0,0,,0,0,,0,0,,2,475,3.9,20,518,4.413,78,447.97,4.79,16.84,23.48,13.91,1.4
685,Guadarrama,40.67348,-4.090732,17069.0,11,3232,3.991,2,427,3.848,4,200,3.74,3,72,2.337,3,53,2.351,5,1281,4.1,27,13110,4.403,6,38,4.408,20,12932,4.408,11,40,4.85,20,12932,4.408,21,12932,4.408,20,18,4.167,3,152,4.216,20,32663,4.449,14,4267,4.376,20,18037,4.493,0,0,,12,434,4.798,20,1240,4.229,0,0,,2,7,3.9,0,0,,1,542,3.8,20,12932,4.408,56,448.58,7.41,7.57,28.51,28.51,1.52
698,Hiruela (La),41.0785,-3.454731,84.0,0,0,,2,23,4.252,0,0,,0,0,,0,0,,0,0,,20,716,3.934,0,0,,20,716,3.934,0,0,,20,716,3.934,20,716,3.934,1,0,,4,170,4.4,2,648,3.869,0,0,,2,164,4.009,0,0,,0,0,,20,213,4.492,0,0,,0,0,,1,0,,1,22,4.2,20,716,3.934,72,263.01,1.41,35.29,4.84,4.45,0.61
702,Horcajo de la Sierra,41.06738,-3.585321,231.0,0,0,,0,0,,0,0,,0,0,,0,0,,0,0,,20,699,4.371,1,0,,20,699,4.371,1,7,5.0,20,699,4.371,22,701,4.372,11,6,4.0,1,0,,2,651,4.328,0,0,,3,819,4.322,0,0,,0,0,,7,58,3.336,0,0,,0,0,,0,0,,2,17,4.282,20,699,4.371,74,272.79,1.63,33.17,6.88,5.83,0.71
719,Horcajuelo de la Sierra,41.06009,-3.54552,111.0,1,11,3.3,0,0,,2,4,5.0,0,0,,0,0,,0,0,,21,5192,4.509,0,0,,20,5192,4.509,1,0,,21,5192,4.509,22,5200,4.509,7,10,4.84,4,11,4.818,9,4832,4.502,1,150,4.0,4,2233,4.474,0,0,,1,0,,14,1559,4.278,0,0,,0,0,,1,0,,3,93,4.508,20,5192,4.509,73,268.24,1.58,33.91,5.87,5.17,0.7
724,Hoyo de Manzanares,40.62273,-3.90712,9186.0,3,769,4.014,2,323,3.92,3,47,4.868,5,18,3.0,6,18,3.0,1,152,4.1,20,4088,4.477,3,54,3.307,20,4088,4.477,5,4,5.0,20,4088,4.477,21,4088,4.477,19,7,3.714,6,202,4.298,20,10646,4.443,4,784,4.456,16,5046,4.344,1,23,3.7,4,74,4.736,18,492,4.511,0,0,,1,3,2.7,0,0,,1,113,4.0,20,4088,4.477,59,477.38,10.26,8.36,25.77,25.77,1.58
730,Humanes de Madrid,40.24954,-3.827206,20054.0,12,3846,4.087,3,309,3.593,8,368,4.362,7,136,2.54,10,69,2.128,14,903,3.963,22,14658,4.365,6,547,3.834,20,14658,4.365,16,188,4.251,21,14658,4.365,21,14660,4.365,20,99,2.393,20,17,3.476,20,7144,4.251,19,2326,4.368,20,4690,4.357,1,3,4.7,17,1333,4.646,20,861,3.954,1,4,4.3,1,0,,0,0,,1,488,3.8,20,14658,4.365,80,408.17,10.85,1.46,21.93,12.48,0.95
758,Loeches,40.38393,-3.409393,9253.0,3,427,3.629,3,450,3.893,3,234,4.284,4,73,2.322,4,54,2.506,2,520,3.874,20,664,4.531,3,22,4.405,20,664,4.531,6,4,4.0,20,664,4.531,21,664,4.531,20,8,4.237,2,0,,18,5349,4.255,6,1275,4.233,14,3852,4.386,1,14,4.8,4,404,4.646,13,111,3.957,0,0,,1,0,,0,0,,1,343,3.7,20,664,4.531,84,376.35,13.03,6.95,18.48,8.5,2.54
761,Lozoya,40.9515,-3.791897,620.0,1,106,3.9,0,0,,1,11,4.3,1,0,,1,0,,1,116,4.1,20,3915,4.27,0,0,,20,3915,4.27,3,131,4.7,20,3915,4.27,20,3915,4.27,3,1,3.0,2,294,3.833,12,7623,4.337,3,2021,4.628,9,5520,4.252,0,0,,0,0,,6,977,4.412,0,0,,0,0,,0,0,,1,48,4.0,20,3915,4.27,77,331.36,1.69,29.61,15.04,12.4,1.06
9015,Lozoyuela-Navas-Sieteiglesias,40.92643,-3.617723,1479.0,1,615,4.1,0,0,,1,33,3.8,1,14,2.4,1,14,2.4,2,1060,3.844,20,1373,4.303,1,0,,20,1373,4.303,2,0,,20,1373,4.303,23,1381,4.307,19,12,4.5,1,4,5.0,4,2785,4.418,1,62,4.8,3,92,4.152,0,0,,3,12,4.5,3,41,3.488,1,19,4.1,1,8,4.3,1,11,4.7,0,0,,20,1373,4.303,77,284.0,1.76,29.18,8.99,5.88,0.86
783,Madarcos,41.04731,-3.582663,70.0,0,0,,0,0,,0,0,,0,0,,0,0,,0,0,,21,635,4.294,1,0,,20,634,4.293,1,7,5.0,20,634,4.293,23,637,4.295,9,5,4.2,1,0,,3,900,4.265,0,0,,4,1068,4.27,0,0,,0,0,,16,117,4.315,0,0,,0,0,,0,0,,3,31,4.335,20,634,4.293,74,268.95,1.59,33.23,6.65,5.75,0.73
822,Manzanares el Real,40.72705,-3.864914,9539.0,3,916,3.538,2,638,3.559,2,78,4.124,3,18,3.444,2,14,3.0,2,137,3.896,20,1590,4.273,3,90,3.331,20,1590,4.273,7,15,4.74,20,1590,4.273,21,1594,4.273,9,27,4.593,16,339,4.168,20,8477,4.141,3,694,3.948,16,5323,4.158,1,63,4.5,9,122,4.96,20,1159,4.4,0,0,,2,3,3.7,0,0,,1,397,3.9,20,1590,4.273,71,429.15,4.2,22.9,17.79,17.79,1.51
838,Meco,40.5542,-3.328439,15812.0,8,2916,4.08,1,477,3.8,4,244,4.268,5,85,2.482,5,55,2.036,3,510,3.887,21,1111,4.514,1,20,4.5,20,1111,4.514,6,41,4.573,20,1111,4.514,20,1111,4.514,20,11,4.273,13,33,4.267,18,6193,4.138,7,1269,4.066,6,1815,4.192,0,0,,5,633,4.594,17,985,4.466,1,481,3.7,2,5,5.0,0,0,,1,141,3.6,20,1111,4.514,86,354.63,6.79,9.41,16.13,7.22,1.51
843,Mejorada del Campo,40.39701,-3.487864,24632.0,13,6978,4.027,3,291,3.608,7,272,3.958,8,139,1.98,11,91,2.075,7,937,4.057,22,1707,4.265,12,572,4.674,20,1654,4.284,15,16,4.756,20,1654,4.284,21,1655,4.284,20,27,4.522,20,16,3.763,20,11443,4.057,17,3722,4.302,20,4834,4.188,0,0,,12,845,4.475,20,1349,3.994,0,0,,1,19,3.7,0,0,,1,167,3.8,20,1654,4.284,88,374.03,16.15,4.4,12.63,5.34,2.7
856,Miraflores de la Sierra,40.81381,-3.766699,7209.0,5,949,3.914,1,229,4.1,3,140,4.371,2,24,2.829,2,17,2.8,2,207,4.195,22,2166,4.448,4,227,4.213,20,2164,4.451,5,0,,20,2164,4.451,20,2164,4.451,8,8,3.237,3,11,4.636,20,9728,4.311,3,1264,4.094,19,6601,4.35,1,117,3.7,4,182,4.465,17,567,4.473,0,0,,1,6,3.7,0,0,,1,325,4.1,20,2164,4.451,75,389.51,3.66,20.5,22.1,15.77,1.32
869,Molar (El),40.73291,-3.582258,10079.0,5,1584,3.743,3,334,3.8,3,158,4.286,4,124,2.656,5,76,3.309,3,1869,3.899,22,942,4.324,3,106,3.321,20,896,4.411,12,177,4.807,20,896,4.411,21,896,4.411,20,41,4.244,8,30,3.617,20,14058,4.313,11,3354,4.104,20,4666,4.361,0,0,,4,70,4.773,20,538,4.191,0,0,,2,6,4.2,0,0,,2,491,3.644,20,896,4.411,83,354.93,3.24,21.78,14.0,6.51,1.5
875,Molinos (Los),40.71456,-4.072706,4812.0,2,912,3.807,1,1,3.0,3,58,4.633,1,8,2.5,1,0,,2,203,4.246,21,2468,4.382,4,116,4.427,20,2386,4.367,5,19,4.579,20,2386,4.367,20,2386,4.367,20,42,4.314,4,9,3.333,20,6664,4.334,0,0,,16,3816,4.301,0,0,,5,47,4.947,9,216,4.214,0,0,,2,7,3.3,0,0,,0,0,,20,2386,4.367,61,403.69,3.19,14.62,23.88,23.88,1.49
881,Montejo de la Sierra,41.05928,-3.530301,374.0,1,11,3.3,0,0,,2,4,5.0,0,0,,0,0,,0,0,,21,5192,4.509,0,0,,20,5192,4.509,1,0,,21,5192,4.509,22,5200,4.509,7,10,4.84,4,11,4.818,9,4832,4.502,1,150,4.0,4,2233,4.474,0,0,,1,0,,11,1555,4.278,0,0,,0,0,,1,0,,3,93,4.508,20,5192,4.509,73,265.27,3.13,34.13,9.66,8.19,0.7
894,Moraleja de Enmedio,40.26033,-3.861412,5630.0,4,1557,4.326,3,9,3.344,1,33,4.4,3,25,3.068,3,17,2.835,5,236,4.147,21,12911,4.372,1,54,5.0,20,12911,4.372,6,129,4.133,21,12911,4.372,22,12913,4.371,20,4,2.0,5,21,4.514,20,5272,4.191,6,487,4.267,14,2477,4.204,0,0,,8,1136,4.396,20,75,4.26,0,0,,1,0,,0,0,,1,179,3.6,20,12911,4.372,82,418.87,10.58,2.11,20.63,11.39,0.88
908,Moralzarzal,40.68117,-3.97335,14504.0,6,3704,4.098,0,0,,3,198,3.08,4,62,3.758,4,38,4.174,4,356,4.159,22,3633,4.253,7,386,2.743,20,3346,4.378,13,210,4.523,20,3346,4.378,21,3374,4.372,19,35,3.76,3,29,4.366,20,8266,4.385,10,2288,4.272,20,9605,4.353,0,0,,18,2014,4.438,20,1198,4.409,2,3,3.7,1,0,,0,0,,1,304,3.7,20,3346,4.378,57,417.41,5.72,8.15,27.31,27.31,1.53
915,Morata de Tajuña,40.22751,-3.436966,8294.0,4,730,4.1,4,306,4.123,2,52,4.727,4,56,2.764,5,42,2.638,2,3,2.667,21,408,4.133,4,32,4.709,20,408,4.133,4,0,,20,408,4.133,20,408,4.133,20,7,3.429,2,0,,16,7797,4.291,5,1197,4.27,12,3761,4.34,1,9,5.0,3,41,4.224,20,551,4.458,0,0,,2,5,4.2,0,0,,1,165,4.0,20,408,4.133,77,303.48,8.76,9.55,21.96,14.42,2.18
936,Navacerrada,40.72893,-4.0151,3307.0,2,420,3.929,0,0,,1,42,3.7,1,10,3.7,2,1,5.0,2,239,4.104,20,7580,4.464,5,168,4.978,20,7580,4.464,4,0,,20,7580,4.464,20,7580,4.464,20,38,4.466,4,25,3.9,20,19064,4.362,4,2923,4.048,20,9712,4.24,0,0,,2,10,4.42,20,754,4.468,0,0,,1,0,,1,28,4.7,1,204,3.8,20,7580,4.464,64,416.76,2.91,20.39,22.32,22.32,1.47
941,Navalafuente,40.82451,-3.673573,1703.0,2,43,4.6,0,0,,2,36,4.4,1,12,4.5,0,0,,1,98,3.4,20,1213,4.049,1,0,,20,1213,4.049,2,0,,20,1213,4.049,20,1213,4.049,15,6,4.2,2,20,4.5,3,1121,4.371,2,771,4.409,3,1045,4.255,0,0,,2,8,5.0,15,1318,4.135,0,0,,0,0,,0,0,,1,48,3.9,20,1213,4.049,80,348.32,4.09,18.35,21.99,11.9,1.24
954,Navalagamella,40.46916,-4.12338,3119.0,1,128,4.2,0,0,,1,37,4.7,2,27,2.744,3,16,3.156,0,0,,20,1225,4.327,0,0,,20,1225,4.327,3,23,4.8,21,1229,4.33,21,1226,4.328,5,3,4.667,5,118,4.287,4,407,4.482,0,0,,5,503,4.3,0,0,,1,3,5.0,9,534,4.396,0,0,,1,0,,0,0,,1,117,4.0,20,1225,4.327,71,294.63,7.73,12.48,17.95,17.95,1.73
967,Navalcarnero,40.28781,-4.013766,32684.0,12,8102,4.18,5,946,4.173,9,535,4.372,7,205,2.053,10,168,2.033,9,844,4.232,27,4453,4.44,20,2248,4.636,20,3688,4.463,17,45,4.804,20,3688,4.463,21,3691,4.462,20,83,4.339,14,133,3.908,20,15835,4.198,13,5338,4.208,20,6956,4.146,0,0,,20,2909,4.516,20,1047,4.146,4,327,4.071,2,13,3.2,0,0,,0,0,,20,3688,4.463,86,361.27,9.36,9.41,15.23,8.59,1.21
973,Navarredonda y San Mamés,40.99078,-3.726047,154.0,0,0,,0,0,,0,0,,0,0,,0,0,,0,0,,20,1291,4.321,1,0,,20,1291,4.321,0,0,,20,1291,4.321,21,1291,4.321,8,1,1.0,2,39,3.764,1,65,4.8,0,0,,2,233,4.509,0,0,,0,0,,8,19,4.753,0,0,,0,0,,0,0,,2,11,4.364,20,1291,4.321,78,301.72,1.8,28.48,12.33,9.48,0.94
992,Navas del Rey,40.38501,-4.250652,3344.0,4,417,3.811,2,37,4.724,2,24,3.646,3,33,4.512,1,0,,2,586,4.532,20,830,4.156,2,7,4.857,20,830,4.156,3,568,4.8,20,830,4.156,21,833,4.148,8,21,4.357,1,0,,8,2311,4.298,6,1458,4.238,10,1832,4.246,0,0,,2,48,4.6,7,603,4.803,0,0,,2,24,4.2,0,0,,1,77,3.4,20,830,4.156,79,150.32,3.01,26.36,7.89,7.89,2.5
1006,Nuevo Baztán,40.36552,-3.243183,7393.0,4,1482,3.731,0,0,,3,44,4.064,1,42,2.4,2,2,2.5,1,97,3.8,20,1912,3.885,3,254,5.0,20,1912,3.885,5,16,4.5,20,1912,3.885,22,1912,3.885,20,8,3.375,14,4,4.5,20,5896,3.958,3,1116,4.079,18,2854,4.219,0,0,,3,0,,20,244,4.275,4,673,3.595,0,0,,0,0,,1,35,4.6,20,1912,3.885,79,293.49,7.21,26.3,10.66,10.54,2.03
1013,Olmeda de las Fuentes,40.36943,-3.221704,409.0,2,162,3.691,0,0,,2,39,4.046,0,0,,0,0,,1,97,3.8,20,1756,3.844,3,254,5.0,20,1756,3.844,4,16,4.5,20,1756,3.844,21,1756,3.844,12,1,5.0,9,4,4.5,10,4803,3.866,1,562,3.9,6,1939,4.19,0,0,,0,0,,18,278,4.254,0,0,,0,0,,0,0,,1,35,4.6,20,1756,3.844,79,290.64,5.28,27.2,7.73,7.73,2.01
1028,Orusco de Tajuña,40.28515,-3.208557,1504.0,2,49,4.806,0,0,,1,1,5.0,0,0,,1,0,,1,197,3.8,20,614,4.195,0,0,,20,614,4.195,2,0,,20,614,4.195,20,614,4.195,6,2,4.0,1,0,,2,356,4.209,0,0,,3,248,4.364,0,0,,1,0,,2,51,4.118,0,0,,0,0,,0,0,,1,34,4.0,20,614,4.195,71,261.97,6.51,37.07,14.38,14.38,1.91
1049,Paracuellos de Jarama,40.50481,-3.53227,27241.0,8,3393,4.144,6,270,4.64,7,425,4.369,7,222,3.008,8,205,3.017,7,924,3.899,23,2331,4.22,8,361,3.676,20,2143,4.334,13,4,5.0,20,2143,4.334,21,2143,4.334,20,4,3.0,14,755,3.731,20,8589,4.174,15,3725,4.268,20,4354,4.273,0,0,,17,861,4.712,20,121,4.178,1,1764,3.7,2,18,3.2,0,0,,2,109,2.266,20,2143,4.334,84,378.87,12.93,9.93,17.99,8.18,2.53
1071,Patones,40.85573,-3.48511,604.0,2,91,4.142,1,2,3.5,3,34,4.847,1,2,1.0,2,2,1.0,1,71,3.7,21,2552,4.306,2,16,4.119,20,2547,4.305,4,0,,21,2547,4.305,20,2547,4.305,20,38,4.495,3,4,3.0,20,9190,4.303,0,0,,8,1195,4.354,0,0,,0,0,,11,21,4.848,0,0,,0,0,,0,0,,3,231,3.609,20,2547,4.305,74,265.58,2.68,32.52,10.12,7.89,0.81
1087,Pedrezuela,40.74369,-3.603798,6475.0,5,1584,3.743,3,334,3.8,3,158,4.286,4,124,2.656,5,76,3.309,0,0,,21,550,4.326,3,106,3.321,20,534,4.36,11,51,4.824,20,534,4.36,21,534,4.36,20,16,4.394,8,29,4.031,20,12107,4.346,11,3354,4.104,20,4219,4.399,0,0,,4,70,4.773,20,483,4.127,0,0,,1,6,4.2,0,0,,2,491,3.644,20,534,4.36,84,363.35,3.01,20.56,14.95,7.18,1.5
1090,Pelayos de la Presa,40.35954,-4.334138,3106.0,1,226,3.3,1,9,4.3,1,28,2.4,3,26,2.654,5,18,2.667,2,331,3.825,20,1557,4.331,1,59,4.5,20,1557,4.331,4,1,5.0,20,1557,4.331,20,1557,4.331,9,17,4.376,5,60,4.06,18,9118,3.99,4,1879,4.259,11,785,3.979,1,316,4.6,5,37,4.973,14,1841,4.473,1,0,,1,0,,0,0,,0,0,,20,1557,4.331,75,106.15,1.33,31.43,6.21,6.21,2.77
1104,Perales de Tajuña,40.23453,-3.352198,3195.0,2,86,4.447,2,2,5.0,1,7,4.7,2,15,2.333,2,5,3.4,4,1478,3.817,20,483,3.88,0,0,,20,483,3.88,1,0,,20,483,3.88,21,484,3.882,10,13,4.008,4,6,4.0,8,5173,4.114,4,2658,3.758,7,4442,4.139,0,0,,1,0,,9,48,4.344,0,0,,1,1,5.0,0,0,,1,69,3.8,20,483,3.88,76,284.1,10.08,18.02,16.87,14.98,2.04
1111,Pezuela de las Torres,40.41869,-3.177605,990.0,2,76,4.747,0,0,,2,21,4.9,0,0,,0,0,,0,0,,21,267,4.536,0,0,,20,264,4.539,2,11,5.0,20,264,4.539,20,264,4.539,3,5,4.42,0,0,,1,159,4.7,1,1,5.0,3,249,4.592,0,0,,0,0,,19,49,4.014,0,0,,1,0,,0,0,,1,61,4.3,20,264,4.539,85,297.58,7.54,19.18,12.02,9.07,1.91
1126,Pinilla del Valle,40.9262,-3.819392,199.0,0,0,,1,1,5.0,1,15,4.7,0,0,,0,0,,0,0,,20,2322,4.35,0,0,,20,2322,4.35,1,0,,20,2322,4.35,21,2325,4.35,6,7,4.586,1,28,4.4,7,2762,4.339,0,0,,3,922,4.399,0,0,,1,0,,12,405,4.499,0,0,,0,0,,0,0,,2,40,4.342,20,2322,4.35,76,349.62,1.57,31.09,15.83,13.82,1.12
1147,Piñuécar-Gandullas,41.03265,-3.599468,185.0,0,0,,0,0,,0,0,,0,0,,0,0,,2,883,3.9,20,1870,4.597,1,0,,20,1870,4.597,1,7,5.0,20,1870,4.597,24,1872,4.597,11,6,4.5,0,0,,5,972,4.339,1,465,3.9,4,1816,4.621,0,0,,0,0,,16,108,4.355,0,0,,0,0,,0,0,,2,22,4.473,20,1870,4.597,74,271.18,1.61,32.75,7.15,6.13,0.75
1163,Pozuelo del Rey,40.36622,-3.321994,1302.0,0,0,,0,0,,1,18,4.9,0,0,,0,0,,0,0,,20,281,4.106,0,0,,20,281,4.106,2,1,5.0,20,281,4.106,20,281,4.106,5,3,3.7,0,0,,1,17,4.8,1,108,4.1,1,17,4.8,0,0,,1,10,4.6,9,14,3.814,0,0,,0,0,,0,0,,1,30,3.7,20,281,4.106,85,335.61,8.83,15.68,15.08,9.67,2.25
1179,Prádena del Rincón,41.04411,-3.540921,139.0,1,11,3.3,0,0,,2,4,5.0,0,0,,0,0,,0,0,,21,5192,4.509,0,0,,20,5192,4.509,1,0,,21,5192,4.509,22,5200,4.509,7,10,4.84,4,11,4.818,9,4832,4.502,1,150,4.0,4,2233,4.474,0,0,,1,0,,13,1543,4.274,0,0,,0,0,,1,0,,3,93,4.508,20,5192,4.509,73,265.75,3.55,33.97,9.71,7.47,0.72
1185,Puebla de la Sierra,41.01208,-3.444847,93.0,0,0,,0,0,,0,0,,0,0,,0,0,,0,0,,20,779,4.537,0,0,,20,779,4.537,1,0,,20,779,4.537,20,779,4.537,1,0,,0,0,,1,73,4.6,0,0,,1,57,4.1,0,0,,0,0,,9,759,4.56,0,0,,0,0,,0,0,,0,0,,20,779,4.537,72,261.73,1.53,34.83,4.27,4.16,0.72
9020,Puentes Viejas,40.99496,-3.550907,774.0,0,0,,0,0,,0,0,,0,0,,0,0,,0,0,,20,666,4.547,0,0,,20,666,4.547,0,0,,20,666,4.547,21,667,4.546,5,3,4.667,0,0,,2,571,4.597,0,0,,2,45,3.967,0,0,,0,0,,6,8,4.25,0,0,,0,0,,0,0,,0,0,,20,666,4.547,74,266.68,2.69,33.58,10.42,7.67,0.76
1198,Quijorna,40.42656,-4.057429,3987.0,1,4,4.0,0,0,,1,36,3.7,1,16,2.0,1,0,,0,0,,21,470,4.105,0,0,,20,457,4.139,4,3,4.7,20,457,4.139,21,457,4.139,8,1,4.0,1,12,4.5,5,3043,4.332,0,0,,3,1982,4.263,0,0,,0,0,,6,121,3.929,1,5,4.6,0,0,,0,0,,1,65,3.5,20,457,4.139,75,321.68,9.4,10.27,16.99,15.28,1.57
1202,Rascafría,40.90381,-3.879398,1712.0,2,89,3.937,1,1,4.0,1,15,3.6,2,17,3.588,2,16,3.5,1,123,3.6,20,4262,4.572,0,0,,20,4262,4.572,2,0,,20,4262,4.572,20,4262,4.572,13,26,4.362,6,96,3.099,19,17684,4.39,3,546,3.952,14,8457,4.321,0,0,,0,0,,19,3724,4.54,1,50,4.0,1,9,4.1,0,0,,1,65,3.2,20,4262,4.572,70,374.03,2.83,35.08,20.85,18.79,1.18
1219,Redueña,40.8163,-3.603684,292.0,1,23,3.5,1,6,4.5,2,38,4.4,1,10,2.7,1,0,,0,0,,20,851,4.331,1,7,1.0,20,851,4.331,3,0,,20,851,4.331,21,851,4.331,14,10,3.52,1,0,,7,1170,4.396,0,0,,7,861,4.302,0,0,,1,0,,7,20,4.185,0,0,,0,0,,0,0,,3,180,4.05,20,851,4.331,83,315.53,2.23,21.84,14.32,6.72,1.12
1224,Ribatejada,40.6665,-3.392131,911.0,3,45,4.36,0,0,,2,59,4.153,0,0,,0,0,,0,0,,20,397,4.491,0,0,,20,397,4.491,3,29,5.0,20,397,4.491,20,397,4.491,12,5,4.22,0,0,,3,474,4.309,1,240,4.7,2,262,4.65,0,0,,0,0,,3,13,4.415,0,0,,0,0,,0,0,,1,22,4.0,20,397,4.491,83,283.79,5.66,21.93,15.81,7.43,1.38
1245,Robledillo de la Jara,40.95299,-3.525749,132.0,1,57,4.5,0,0,,0,0,,0,0,,0,0,,0,0,,20,118,4.729,0,0,,20,118,4.729,0,0,,20,118,4.729,20,118,4.729,11,10,4.72,0,0,,1,137,4.4,0,0,,2,184,4.426,0,0,,0,0,,18,62,4.679,0,0,,0,0,,0,0,,2,27,4.3,20,118,4.729,73,265.22,3.42,33.72,9.33,7.88,0.77
1258,Robledo de Chavela,40.50089,-4.238043,4763.0,2,968,3.718,1,2,5.0,2,56,4.371,2,17,1.812,3,1,2.0,2,2,3.0,21,2369,4.546,1,26,4.5,20,2343,4.546,3,1,5.0,20,2343,4.546,20,2343,4.546,21,30,3.967,3,3,3.333,17,4999,4.333,3,442,4.426,12,2826,4.134,2,950,4.792,2,100,4.426,5,83,4.205,0,0,,2,5,3.0,1,0,,0,0,,20,2343,4.546,70,242.89,4.77,18.31,18.56,18.56,1.97
1261,Robregordo,41.10658,-3.593292,73.0,0,0,,0,0,,0,0,,0,0,,0,0,,1,420,3.5,20,79,4.184,0,0,,20,79,4.184,0,0,,20,79,4.184,20,79,4.184,7,1,5.0,0,0,,0,0,,0,0,,1,21,4.4,0,0,,0,0,,5,456,4.473,0,0,,0,0,,0,0,,1,22,4.0,20,79,4.184,74,269.17,3.31,32.91,12.14,8.97,0.67
1283,Rozas de Puerto Real,40.31007,-4.490765,581.0,0,0,,0,0,,1,12,3.3,0,0,,1,0,,0,0,,20,704,4.316,1,0,,20,704,4.316,5,0,,20,704,4.316,21,704,4.316,9,4,4.775,0,0,,7,2059,4.06,0,0,,9,1060,4.183,0,0,,1,6,3.7,9,210,4.445,0,0,,0,0,,0,0,,1,23,4.3,20,704,4.316,75,90.49,1.14,31.34,5.01,5.01,2.63
1296,San Agustín del Guadalix,40.67867,-3.615861,13849.0,11,5018,4.123,5,1004,3.702,3,135,3.589,5,111,2.147,6,93,2.137,3,667,3.26,21,591,3.988,10,190,4.878,20,536,4.048,8,106,4.808,20,536,4.048,20,536,4.048,15,20,4.09,6,23,3.891,20,12060,4.302,5,1514,4.252,19,5684,4.369,0,0,,8,242,4.707,20,1838,4.259,1,1,5.0,2,12,3.4,0,0,,1,286,3.8,20,536,4.048,84,386.03,5.46,19.28,18.16,9.42,1.85
1300,San Fernando de Henares,40.42553,-3.536694,38969.0,20,17411,4.042,20,3294,3.885,20,897,3.951,20,582,2.373,20,482,2.382,20,4930,4.043,39,18642,3.889,20,2366,3.384,20,16565,3.99,27,401,4.654,22,16588,3.991,20,16565,3.99,21,449,3.194,20,59,4.249,20,21062,4.032,20,5590,4.197,20,17144,4.128,2,2699,4.2,20,5365,4.225,20,719,4.167,12,11301,3.911,5,226,4.6,1,8,4.3,2,850,3.274,20,16565,3.99,84,369.7,19.73,1.61,18.63,8.21,2.79
1317,San Lorenzo de El Escorial,40.59167,-4.149123,18772.0,10,5497,3.987,10,1278,4.006,11,469,4.39,8,170,2.266,10,121,2.474,6,812,4.177,26,47208,4.554,15,672,3.132,20,46963,4.558,20,120,4.813,22,46964,4.558,21,47052,4.555,21,283,4.216,16,707,3.588,20,28529,4.208,20,14677,4.033,20,18962,4.115,0,0,,20,916,4.714,20,8065,4.45,3,1647,4.078,1,23,4.0,1,9,4.4,3,249,3.551,20,46963,4.558,58,333.61,6.02,6.68,26.24,26.24,1.6
1322,San Martín de la Vega,40.2078,-3.568544,20664.0,11,3823,4.041,5,558,3.908,6,262,3.927,6,122,1.816,5,87,1.983,1,534,4.0,22,2447,4.228,7,522,3.737,20,2407,4.228,16,331,4.764,20,2407,4.228,20,2407,4.228,20,5,3.6,4,40,4.285,20,7873,4.329,8,2417,4.178,20,5457,4.2,0,0,,11,686,4.182,20,2222,4.23,1,4,4.5,2,14,4.0,0,0,,1,248,3.6,20,2407,4.228,78,300.29,10.06,4.49,20.02,13.45,1.94
1338,San Martín de Valdeiglesias,40.36174,-4.397521,9120.0,10,5534,4.052,7,515,3.998,4,196,4.227,4,74,2.322,5,49,2.384,2,337,3.891,21,1112,4.231,9,292,4.192,20,1095,4.252,8,139,4.5,20,1095,4.252,21,1097,4.249,10,16,3.763,8,5,3.42,19,7542,4.173,6,1315,4.219,20,3970,4.298,1,343,4.2,4,142,4.846,10,5851,4.0,1,0,,2,5,2.8,1,6,4.3,0,0,,20,1095,4.252,75,99.4,2.97,32.1,9.62,9.62,2.7
1356,Santa María de la Alameda,40.5957,-4.257937,1516.0,0,0,,0,0,,0,0,,0,0,,0,0,,0,0,,20,2400,4.656,0,0,,20,2400,4.656,0,0,,20,2400,4.656,20,2400,4.656,6,1,5.0,1,197,4.2,3,2181,4.717,0,0,,1,145,4.3,0,0,,0,0,,12,144,4.601,0,0,,0,0,,0,0,,0,0,,20,2400,4.656,61,310.24,3.1,12.57,23.9,23.9,1.72
1369,Santorcaz,40.47216,-3.233114,998.0,1,11,4.2,0,0,,2,8,4.4,0,0,,0,0,,0,0,,20,1363,4.231,0,0,,20,1363,4.231,2,6,5.0,20,1363,4.231,20,1363,4.231,3,3,3.667,1,0,,1,1058,4.2,1,1058,4.2,4,1280,4.236,0,0,,2,35,4.563,12,76,3.98,0,0,,0,0,,0,0,,1,24,4.3,20,1363,4.231,85,325.98,5.77,10.8,17.2,9.16,1.82
1375,Santos de la Humosa (Los),40.50191,-3.254799,2797.0,1,3,5.0,1,3,5.0,2,19,4.032,0,0,,0,0,,0,0,,20,3377,4.278,0,0,,20,3377,4.278,2,21,4.714,20,3377,4.278,20,3377,4.278,3,1,4.0,1,0,,2,2441,4.447,0,0,,4,370,4.198,0,0,,2,56,4.477,10,44,3.925,0,0,,0,0,,0,0,,1,122,3.9,20,3377,4.278,87,331.94,3.81,9.06,14.65,6.61,1.64
1381,Serna del Monte (La),41.02979,-3.625026,105.0,0,0,,0,0,,1,3,5.0,0,0,,0,0,,2,883,3.9,20,2249,4.643,0,0,,20,2249,4.643,1,0,,20,2249,4.643,24,2258,4.643,11,9,4.444,0,0,,6,2657,4.439,1,465,3.9,6,3266,4.565,0,0,,0,0,,17,164,4.359,0,0,,0,0,,0,0,,3,48,4.4,20,2249,4.643,75,362.03,3.13,31.96,11.38,7.96,0.78
1408,Serranillos del Valle,40.20465,-3.885819,4632.0,3,693,4.045,0,0,,3,146,4.718,3,46,3.554,4,46,3.554,4,163,3.607,21,890,4.181,2,2,5.0,20,890,4.181,5,72,4.738,20,890,4.181,20,890,4.181,20,8,4.125,1,1,5.0,9,1562,4.053,0,0,,7,1033,4.244,0,0,,6,173,4.643,11,237,4.023,0,0,,1,0,,0,0,,1,51,3.5,20,890,4.181,75,387.68,10.42,8.24,22.95,15.63,0.9
1415,Sevilla la Nueva,40.34781,-4.027501,9694.0,2,1394,4.07,3,548,4.049,7,160,4.258,4,41,3.166,3,16,3.8,1,91,3.7,21,1513,4.334,2,116,4.7,20,1502,4.34,12,153,4.776,20,1502,4.34,21,1502,4.34,17,10,3.6,2,0,,19,5785,4.307,6,1499,4.345,15,3988,4.35,0,0,,6,182,4.83,20,628,4.441,0,0,,1,0,,0,0,,1,282,4.0,20,1502,4.34,83,357.03,9.7,8.59,13.59,10.6,1.29
1436,Somosierra,41.13312,-3.581837,98.0,1,77,4.2,0,0,,0,0,,0,0,,0,0,,2,373,4.0,20,1614,4.667,0,0,,20,1614,4.667,0,0,,20,1614,4.667,20,1614,4.667,4,6,4.833,2,40,4.365,2,2505,3.978,1,2225,3.9,0,0,,0,0,,0,0,,8,1721,4.67,0,0,,0,0,,1,0,,1,10,4.8,20,1614,4.667,74,342.24,1.31,33.46,6.63,4.67,0.62
1441,Soto del Real,40.75428,-3.783356,9436.0,3,1069,3.562,1,2,3.0,3,143,4.069,3,71,2.499,3,50,2.666,1,12,2.2,24,2692,3.875,9,442,4.198,20,2531,3.887,7,59,4.936,20,2531,3.887,20,2531,3.887,20,7,4.286,2,2,4.0,20,10971,4.265,6,1627,4.216,20,3759,4.25,0,0,,8,175,4.755,15,509,4.254,2,277,3.934,1,9,3.2,0,0,,1,473,4.1,20,2531,3.887,78,508.24,5.35,18.92,19.21,13.45,1.45
1454,Talamanca de Jarama,40.74688,-3.513244,4526.0,4,533,4.375,0,0,,2,64,4.763,0,0,,1,1,1.0,1,23,4.0,20,3226,4.21,0,0,,20,3226,4.21,3,0,,20,3226,4.21,20,3226,4.21,11,21,4.143,2,4,4.5,10,3662,4.212,2,15,4.0,10,3691,4.218,0,0,,3,298,4.439,13,138,4.229,0,0,,0,0,,0,0,,1,226,4.3,20,3226,4.21,82,369.01,2.69,23.62,11.75,5.56,1.24
1467,Tielmes,40.24457,-3.314466,2807.0,1,309,4.1,2,14,3.571,1,61,4.7,3,42,3.143,3,21,3.586,1,89,3.9,21,493,4.141,1,1,5.0,20,492,4.143,2,0,,20,492,4.143,20,492,4.143,8,4,4.25,5,5,4.6,5,1194,3.796,0,0,,5,1094,3.855,0,0,,0,0,,5,167,4.233,0,0,,0,0,,0,0,,1,65,4.3,20,492,4.143,80,271.66,9.6,22.97,12.64,12.64,1.98
1473,Titulcia,40.13673,-3.570501,1393.0,0,0,,2,87,4.6,1,11,2.5,0,0,,0,0,,0,0,,20,3085,4.347,0,0,,20,3085,4.347,2,0,,20,3085,4.347,20,3085,4.347,4,4,3.75,1,45,4.3,6,2426,4.372,1,4,4.5,2,329,3.838,0,0,,1,2,3.0,8,255,4.502,0,0,,0,0,,1,0,,1,50,4.2,20,3085,4.347,72,292.87,9.32,3.73,26.03,17.38,1.56
1492,Torrejón de la Calzada,40.20154,-3.798929,10366.0,9,7101,3.956,5,309,3.984,5,196,4.565,6,95,3.002,8,64,3.559,2,241,3.831,26,3653,3.689,9,1361,3.179,20,2279,4.089,12,29,4.103,20,2279,4.089,20,2279,4.089,20,10,4.19,12,122,3.393,20,6985,4.216,11,2513,4.312,18,4335,4.346,0,0,,8,578,4.881,17,219,4.032,0,0,,1,0,,0,0,,2,244,3.796,20,2279,4.089,67,386.37,14.14,3.86,29.13,20.26,0.93
1505,Torrejón de Velasco,40.18713,-3.778751,4887.0,9,7101,3.956,5,309,3.984,6,208,4.567,6,95,3.002,8,64,3.559,4,365,3.891,24,2687,4.17,7,451,4.958,20,2230,4.109,9,24,4.333,20,2230,4.109,20,2230,4.109,20,9,4.333,3,2,3.0,20,5911,4.269,10,1964,4.46,17,3304,4.43,0,0,,9,679,4.88,20,219,4.032,0,0,,2,0,,0,0,,2,244,3.796,20,2230,4.109,71,374.54,12.13,5.37,25.11,18.12,0.91
1512,Torrelaguna,40.82785,-3.538488,4992.0,4,381,4.013,3,205,3.98,1,66,3.7,4,54,3.031,4,36,3.397,1,327,4.1,20,1513,4.413,2,182,4.713,20,1513,4.413,5,2,5.0,20,1513,4.413,20,1513,4.413,10,10,5.0,2,28,4.0,16,9738,4.16,5,3511,4.091,8,4398,4.229,0,0,,4,282,4.368,7,8,4.638,0,0,,1,0,,0,0,,1,78,4.1,20,1513,4.413,79,359.17,3.23,27.2,13.02,7.0,0.93
1527,Torrelodones,40.57628,-3.929452,25250.0,11,6052,4.107,4,417,3.913,10,315,4.247,7,221,2.641,13,179,2.914,2,438,3.834,31,7572,4.133,20,3158,3.741,20,7127,4.122,20,485,4.922,21,7127,4.122,24,7130,4.122,21,87,3.828,12,41,3.907,20,16363,4.329,16,5523,4.31,20,11832,4.374,2,1471,4.3,20,1387,4.438,20,4326,4.284,5,8201,4.0,2,16,4.6,0,0,,1,194,3.8,20,7127,4.122,58,406.23,7.28,7.9,26.59,26.59,1.59
1533,Torremocha de Jarama,40.83705,-3.494407,1134.0,1,44,4.4,1,2,3.5,2,30,4.853,0,0,,1,0,,0,0,,21,501,4.375,2,16,4.119,20,496,4.373,5,0,,21,496,4.373,20,496,4.373,17,8,4.875,2,4,3.0,5,1773,4.449,0,0,,3,789,4.397,0,0,,0,0,,6,20,4.89,0,0,,0,0,,0,0,,2,150,3.613,20,496,4.373,76,351.14,1.48,30.95,6.5,4.39,0.85
1548,Torres de la Alameda,40.40473,-3.360132,7742.0,4,1433,4.154,2,9,5.0,4,146,4.486,2,21,3.071,2,16,2.969,4,633,4.326,20,1885,4.451,3,64,2.369,20,1885,4.451,4,13,4.723,21,1885,4.451,20,1885,4.451,20,6,3.333,3,84,4.0,17,4977,4.242,5,2141,4.36,13,2998,4.445,0,0,,2,53,4.819,12,175,4.262,0,0,,2,0,,0,0,,1,94,3.6,20,1885,4.451,82,389.76,9.11,6.39,20.13,10.87,2.52
1551,Valdaracete,40.21115,-3.194556,653.0,0,0,,0,0,,1,0,,0,0,,0,0,,0,0,,20,221,4.505,0,0,,20,221,4.505,2,0,,20,221,4.505,20,221,4.505,4,0,,0,0,,0,0,,0,0,,1,145,4.6,0,0,,0,0,,0,0,,0,0,,0,0,,0,0,,1,28,4.3,20,221,4.505,79,262.09,7.77,26.48,9.87,9.87,1.91
1564,Valdeavero,40.63099,-3.332983,1817.0,1,1040,4.1,0,0,,6,135,4.861,3,38,2.255,5,14,2.693,1,274,3.9,22,701,3.609,0,0,,20,687,3.592,4,0,,20,687,3.592,21,692,3.599,11,9,3.778,3,32,4.4,9,1130,4.232,2,252,4.522,7,945,4.224,0,0,,3,1,3.0,5,12,3.5,1,115,4.3,0,0,,0,0,,3,223,3.004,20,687,3.592,88,264.85,3.11,15.3,12.46,5.98,1.26
1570,Valdelaguna,40.16192,-3.367249,1079.0,0,0,,1,3,5.0,0,0,,0,0,,0,0,,0,0,,22,730,4.406,0,0,,20,730,4.406,4,0,,20,730,4.406,20,730,4.406,14,0,,1,1,5.0,0,0,,0,0,,2,94,4.217,0,0,,3,2,5.0,2,7,3.7,0,0,,0,0,,0,0,,1,32,4.3,20,730,4.406,79,271.92,11.82,14.38,18.87,13.09,1.95
1586,Valdemanco,40.87252,-3.662956,1065.0,1,37,4.4,0,0,,1,17,4.1,0,0,,0,0,,0,0,,20,4495,4.336,1,1,4.0,20,4495,4.336,1,0,,20,4495,4.336,20,4495,4.336,11,5,4.6,3,5,4.62,4,4133,4.341,3,1027,4.276,2,381,4.287,0,0,,0,0,,17,318,4.644,0,0,,0,0,,0,0,,1,25,4.6,20,4495,4.336,84,397.68,1.79,20.57,12.98,6.03,1.03
1599,Valdemaqueda,40.51147,-4.295926,836.0,1,85,4.4,0,0,,1,19,4.5,0,0,,0,0,,0,0,,20,2425,4.206,0,0,,20,2425,4.206,1,0,,20,2425,4.206,20,2425,4.206,11,3,4.667,1,3,4.0,5,534,4.044,0,0,,5,443,4.215,0,0,,1,0,,13,1977,4.215,0,0,,0,0,,0,0,,1,28,3.9,20,2425,4.206,75,230.54,2.54,17.94,15.7,15.7,1.98
1603,Valdemorillo,40.50208,-4.065841,14139.0,5,2334,3.913,3,80,4.112,4,248,4.004,3,85,2.656,4,56,3.1,1,402,3.8,21,1643,4.01,2,6,5.0,20,1643,4.01,8,14,4.65,20,1643,4.01,21,1643,4.01,20,4,3.75,6,9,4.233,20,5447,4.386,6,1226,4.355,20,3719,4.178,0,0,,8,409,4.786,19,1061,4.198,2,7,4.1,2,5,5.0,0,0,,1,172,2.8,20,1643,4.01,62,354.52,7.59,8.43,23.29,23.29,1.58
1625,Valdeolmos-Alalpardo,40.62949,-3.475017,4579.0,2,9,4.2,0,0,,1,64,4.8,1,20,1.8,1,0,,0,0,,20,1340,4.39,2,5,4.4,20,1340,4.39,6,10,4.5,20,1340,4.39,23,1343,4.391,18,7,4.714,0,0,,5,2909,4.552,1,68,4.2,7,2602,4.513,0,0,,2,36,4.611,12,233,4.571,0,0,,0,0,,0,0,,1,44,3.8,20,1340,4.39,78,369.64,4.27,28.56,18.47,8.4,1.83
1631,Valdepiélagos,40.76059,-3.465914,623.0,0,0,,0,0,,1,16,4.8,0,0,,0,0,,0,0,,20,427,4.589,0,0,,20,427,4.589,2,0,,20,427,4.589,20,427,4.589,2,2,4.0,0,0,,1,81,4.2,0,0,,0,0,,0,0,,1,14,5.0,4,5,4.6,0,0,,0,0,,0,0,,1,54,4.5,20,427,4.589,80,348.42,3.76,25.32,14.39,8.55,1.11
1646,Valdetorres de Jarama,40.69559,-3.514251,5050.0,4,348,3.838,2,4,2.8,2,72,4.333,1,8,2.6,1,0,,1,390,4.0,21,1577,4.34,2,62,4.5,20,1577,4.34,3,2,5.0,20,1577,4.34,21,1580,4.34,15,9,4.422,1,0,,5,2115,4.463,2,687,4.313,11,1657,4.288,0,0,,0,0,,8,94,4.355,0,0,,1,16,4.0,0,0,,1,247,4.2,20,1577,4.34,81,380.16,4.39,24.43,17.13,8.2,1.53
1659,Valdilecha,40.29548,-3.303884,3228.0,3,98,3.243,0,0,,1,28,4.7,2,9,3.222,2,5,3.4,1,5,1.2,20,2463,4.591,0,0,,20,2463,4.591,1,0,,20,2463,4.591,20,2463,4.591,4,5,2.62,2,1,5.0,5,3426,4.569,1,0,,3,282,4.41,0,0,,1,1,5.0,6,38,4.405,1,3,4.7,0,0,,0,0,,1,71,4.4,20,2463,4.591,78,276.94,7.3,27.75,12.19,12.19,1.99
1662,Valverde de Alcalá,40.41972,-3.298921,555.0,5,272,4.051,2,185,4.0,2,42,4.614,2,86,4.098,2,68,4.6,3,285,4.0,20,861,4.289,2,2,1.0,20,861,4.289,5,4,5.0,20,861,4.289,20,861,4.289,20,10,4.71,2,0,,11,1593,4.341,3,476,4.345,8,922,4.28,0,0,,4,232,3.906,13,28,4.218,0,0,,1,0,,0,0,,3,134,4.137,20,861,4.289,83,374.52,7.82,9.96,18.59,10.55,2.35
1678,Velilla de San Antonio,40.36703,-3.488029,14008.0,5,1742,4.261,1,0,,6,365,4.359,5,56,3.093,5,42,3.59,5,654,4.132,21,2293,4.028,5,418,3.724,20,2244,4.033,10,249,4.269,21,2246,4.034,21,2246,4.033,20,14,3.8,6,67,4.057,20,5982,4.274,11,1359,4.463,20,2837,4.383,0,0,,13,546,4.947,20,1758,4.197,2,30,4.613,1,0,,0,0,,1,398,4.0,20,2244,4.033,78,323.16,16.27,4.67,20.68,13.78,2.66
1684,Vellón (El),40.76603,-3.582034,2160.0,1,62,3.6,1,62,3.6,1,18,4.4,1,0,,1,4,2.5,0,0,,20,1288,4.481,0,0,,20,1288,4.481,3,3,5.0,20,1288,4.481,21,1288,4.481,19,4,3.25,2,3,4.667,9,2130,4.28,1,18,4.7,8,1081,4.11,0,0,,2,313,5.0,18,214,4.179,0,0,,0,0,,0,0,,1,99,4.2,20,1288,4.481,84,402.15,4.34,19.54,17.85,8.62,1.29
1697,Venturada,40.79869,-3.622139,2577.0,2,114,4.059,1,6,4.5,1,21,3.6,2,10,2.7,0,0,,1,865,3.9,21,2156,4.143,1,7,1.0,20,2156,4.143,2,3,5.0,20,2156,4.143,23,2161,4.144,17,25,3.776,3,6,3.5,8,1854,4.238,0,0,,6,771,4.373,0,0,,2,93,4.6,5,14,3.979,0,0,,0,0,,0,0,,2,166,4.004,20,2156,4.143,83,409.79,3.55,16.67,19.3,8.92,1.2
1718,Villa del Prado,40.27678,-4.305642,7424.0,5,1074,3.92,2,490,3.902,3,119,4.217,4,13,1.462,6,15,1.533,3,57,4.068,21,1965,3.997,3,954,5.0,20,1915,3.971,4,2,4.5,20,1915,3.971,20,1915,3.971,11,8,3.775,2,0,,12,3583,4.293,5,1154,3.964,8,1536,4.095,1,671,4.5,3,198,3.845,11,65,4.657,0,0,,1,3,4.7,0,0,,0,0,,20,1915,3.971,75,88.36,1.62,31.38,2.4,1.16,3.03
1701,Villaconejos,40.10424,-3.484903,3487.0,5,436,3.911,1,4,5.0,2,27,3.889,2,15,2.32,2,6,3.7,3,128,4.091,20,1375,4.306,0,0,,20,1375,4.306,2,0,,20,1375,4.306,20,1375,4.306,13,5,4.6,0,0,,10,1083,4.449,1,192,4.1,8,1315,4.375,0,0,,2,16,4.675,5,87,3.828,0,0,,0,0,,0,0,,1,32,3.6,20,1375,4.306,72,279.83,9.74,5.55,30.83,16.68,1.64
1723,Villalbilla,40.43228,-3.298869,17967.0,5,272,4.051,2,185,4.0,2,42,4.614,2,86,4.098,2,68,4.6,5,556,4.233,20,1255,4.316,2,2,1.0,20,1255,4.316,5,4,5.0,20,1255,4.316,20,1255,4.316,20,11,4.736,3,4,4.3,13,3111,4.471,4,534,4.351,8,922,4.28,0,0,,5,322,4.184,14,27,4.226,0,0,,1,0,,0,0,,3,134,4.137,20,1255,4.316,83,383.12,7.8,8.22,19.4,10.32,2.36
1739,Villamanrique de Tajo,40.06812,-3.240428,820.0,2,6,5.0,1,4,4.8,1,17,3.7,0,0,,0,0,,0,0,,20,826,4.55,0,0,,20,826,4.55,1,0,,20,826,4.55,20,826,4.55,3,0,,0,0,,1,309,4.5,0,0,,3,557,4.538,0,0,,0,0,,2,247,4.004,0,0,,0,0,,0,0,,1,31,3.9,20,826,4.55,79,265.53,12.85,15.12,17.54,13.39,1.79
1744,Villamanta,40.29961,-4.110051,2855.0,1,127,3.6,1,127,3.6,1,18,3.2,1,13,2.5,1,0,,1,184,4.1,20,1690,4.197,1,42,4.8,20,1690,4.197,3,2,4.5,20,1690,4.197,21,1692,4.198,9,7,4.714,0,0,,5,1069,4.215,2,596,4.1,3,136,4.735,0,0,,3,144,4.871,4,7,4.0,0,0,,2,1,5.0,0,0,,1,161,3.8,20,1690,4.197,85,211.7,6.57,19.36,12.76,7.71,2.11
1757,Villamantilla,40.33805,-4.13056,1620.0,1,13,4.6,1,17,4.5,1,10,3.8,0,0,,0,0,,0,0,,20,1909,4.379,1,0,,20,1909,4.379,2,4,4.0,20,1909,4.379,21,1910,4.38,7,4,3.75,0,0,,2,1757,4.4,0,0,,1,13,3.6,0,0,,1,59,4.8,2,0,,0,0,,0,0,,0,0,,1,27,3.9,20,1909,4.379,86,212.16,7.6,18.61,12.49,9.08,2.12
1760,Villanueva de la Cañada,40.44681,-4.005355,23714.0,9,2894,4.071,5,627,3.815,7,333,4.287,7,229,2.415,9,181,2.426,3,596,3.842,26,3473,4.02,20,1399,4.028,20,2723,3.95,19,295,4.862,23,2895,4.007,20,2723,3.95,20,20,4.615,10,58,4.572,20,11440,4.326,11,3394,4.158,20,9337,4.341,0,0,,17,1184,4.425,20,99,4.199,1,105,4.2,2,17,3.9,1,1,5.0,1,173,4.3,20,2723,3.95,69,344.43,10.08,9.05,19.48,19.01,1.46
1782,Villanueva de Perales,40.34705,-4.101031,1718.0,1,90,4.3,0,0,,1,7,5.0,0,0,,0,0,,0,0,,20,565,4.522,1,0,,20,565,4.522,7,119,4.087,20,565,4.522,22,566,4.522,11,6,3.5,0,0,,1,319,4.5,1,125,4.4,1,13,3.6,0,0,,1,59,4.8,9,11,4.709,1,0,,0,0,,0,0,,1,29,3.9,20,565,4.522,83,254.34,9.18,15.34,14.18,10.65,1.87
1776,Villanueva del Pardillo,40.49063,-3.964322,17994.0,7,2947,4.115,4,185,4.063,5,270,3.836,4,133,2.098,5,105,2.151,2,904,3.888,25,1633,4.198,15,645,4.244,20,1404,4.094,16,109,4.636,20,1404,4.094,22,1408,4.091,20,8,3.9,12,16,3.95,20,4332,4.313,11,3081,4.232,16,8497,4.317,0,0,,18,1354,4.628,20,495,3.737,0,0,,2,0,,0,0,,1,119,3.9,20,1404,4.094,65,356.9,10.83,9.01,21.68,21.68,1.52
1795,Villar del Olmo,40.33669,-3.235551,2274.0,0,0,,0,0,,1,20,4.9,0,0,,0,0,,0,0,,20,696,4.468,0,0,,20,696,4.468,3,0,,20,696,4.468,20,696,4.468,5,6,3.0,1,0,,2,474,4.427,1,431,4.5,3,90,4.308,0,0,,1,0,,14,176,4.505,0,0,,0,0,,0,0,,0,0,,20,696,4.468,75,273.12,3.88,31.98,8.89,8.89,1.95
1809,Villarejo de Salvanés,40.16873,-3.275975,7887.0,2,1375,4.245,2,6,4.667,3,59,4.7,4,67,1.439,4,53,1.475,4,1174,3.922,22,676,4.172,4,100,2.982,20,676,4.172,7,22,5.0,20,676,4.172,21,678,4.17,20,8,4.5,2,0,,20,5301,4.326,7,1330,4.301,20,4664,4.34,0,0,,3,148,4.697,4,29,3.966,1,0,,1,5,3.6,0,0,,1,77,3.9,20,676,4.172,84,265.0,12.23,16.31,12.4,10.0,1.91
1816,Villaviciosa de Odón,40.3571,-3.90059,29294.0,12,4436,4.209,5,190,3.714,9,245,4.357,12,481,3.211,14,312,3.64,7,1146,3.942,26,4498,3.804,20,1505,4.796,20,4426,3.798,20,538,4.702,28,4460,3.802,21,4427,3.798,20,10,3.8,14,52,4.242,20,14409,4.168,20,5330,4.289,20,8940,4.224,3,976,4.5,20,1296,4.789,20,1456,4.384,3,829,3.577,2,30,3.2,1,6,5.0,1,232,3.3,20,4426,3.798,81,420.39,12.13,3.04,16.23,12.06,0.88
1821,Villavieja del Lozoya,41.00592,-3.671118,327.0,0,0,,0,0,,1,5,4.2,0,0,,0,0,,0,0,,20,684,4.464,0,0,,20,684,4.464,3,46,5.0,20,684,4.464,21,684,4.464,6,1,4.0,0,0,,2,389,4.426,1,15,4.5,3,194,4.407,0,0,,0,0,,3,31,4.5,0,0,,0,0,,0,0,,1,46,3.5,20,684,4.464,77,372.14,3.17,29.71,12.73,8.57,0.85
1837,Zarzalejo,40.54749,-4.181604,1870.0,2,34,4.271,0,0,,1,45,4.7,1,9,4.0,2,9,4.0,0,0,,20,2010,4.458,2,1,5.0,20,2010,4.458,4,0,,20,2010,4.458,20,2010,4.458,17,24,3.804,3,360,3.907,6,3354,3.865,0,0,,2,654,4.252,0,0,,3,52,4.863,19,540,4.719,0,0,,0,0,,0,0,,1,84,3.9,20,2010,4.458,64,321.02,3.1,9.91,22.32,22.32,1.68
