Cultura y ocio.Actividades culturales.Otros. Total bienes de interés cultural. Unidad: Número. Fuente: Dirección General de Patrimonio Cultural y Oficina del Español. Consejería de Cultura, Turismo.y Deporte;
Serie;;;2006;2007;2008;2009;2010;2011;2012;2013;2014;2015;2016;2017;2018;2019;2020;2021;2022;2023;2024
Comunidad de Madrid;;Comunidad de Madrid;209,00;212,00;213,00;213,00;214,00;218,00;222,00;228,00;229,00;229,00;231,00;235,00;238,00;247,00;251,00;257,00;263,00;269,00;274,00;
Zonas Estadísticas;01;Municipio de Madrid ;99,00;100,00;101,00;101,00;102,00;104,00;105,00;110,00;111,00;111,00;111,00;113,00;116,00;119,00;120,00;121,00;123,00;125,00;127,00;
Zonas Estadísticas;02;Norte Metropolitano ;3,00;3,00;3,00;3,00;3,00;3,00;3,00;3,00;3,00;3,00;3,00;3,00;3,00;3,00;3,00;3,00;3,00;3,00;3,00;
Zonas Estadísticas;03;Este Metropolitano  ;18,00;18,00;18,00;18,00;18,00;18,00;18,00;18,00;18,00;18,00;18,00;18,00;18,00;19,00;19,00;19,00;20,00;21,00;21,00;
Zonas Estadísticas;04;Sur Metropolitano   ;10,00;11,00;11,00;11,00;11,00;11,00;11,00;11,00;11,00;11,00;12,00;12,00;12,00;13,00;13,00;13,00;13,00;14,00;15,00;
Zonas Estadísticas;05;Oeste Metropolitano ;8,00;8,00;8,00;8,00;8,00;8,00;8,00;8,00;8,00;8,00;9,00;9,00;9,00;10,00;10,00;10,00;11,00;13,00;13,00;
Zonas Estadísticas;06;Sierra Norte        ;19,00;19,00;19,00;19,00;19,00;19,00;19,00;19,00;19,00;19,00;19,00;19,00;19,00;20,00;21,00;22,00;22,00;22,00;23,00;
Zonas Estadísticas;07;Nordeste Comunidad  ;9,00;9,00;9,00;9,00;9,00;9,00;10,00;10,00;10,00;10,00;10,00;11,00;11,00;11,00;11,00;11,00;12,00;12,00;12,00;
Zonas Estadísticas;08;Sudeste Comunidad   ;19,00;19,00;19,00;19,00;19,00;21,00;22,00;23,00;23,00;23,00;23,00;24,00;24,00;25,00;26,00;27,00;27,00;27,00;27,00;
Zonas Estadísticas;09;Sudoeste Comunidad  ;10,00;10,00;10,00;10,00;10,00;10,00;10,00;10,00;10,00;10,00;10,00;10,00;10,00;10,00;10,00;10,00;11,00;11,00;11,00;
Zonas Estadísticas;10;Sierra Sur          ;7,00;7,00;7,00;7,00;7,00;7,00;7,00;7,00;7,00;7,00;7,00;7,00;7,00;8,00;9,00;11,00;11,00;11,00;11,00;
Zonas Estadísticas;11;Sierra Central      ;7,00;8,00;8,00;8,00;8,00;8,00;9,00;9,00;9,00;9,00;9,00;9,00;9,00;9,00;9,00;10,00;10,00;10,00;11,00;
Municipios;0014;Acebeda (La);0,00;0,00;0,00;0,00;0,00;0,00;0,00;0,00;0,00;0,00;0,00;0,00;0,00;0,00;0,00;0,00;0,00;0,00;0,00;
Municipios;0029;Ajalvir;0,00;0,00;0,00;0,00;0,00;0,00;0,00;0,00;0,00;0,00;0,00;0,00;0,00;0,00;0,00;0,00;0,00;0,00;0,00;
Municipios;0035;Alameda del Valle;0,00;0,00;0,00;0,00;0,00;0,00;0,00;0,00;0,00;0,00;0,00;0,00;0,00;0,00;0,00;0,00;0,00;0,00;0,00;
Municipios;0040;Álamo (El);0,00;0,00;0,00;0,00;0,00;0,00;0,00;0,00;0,00;0,00;0,00;0,00;0,00;0,00;0,00;0,00;0,00;0,00;0,00;
Municipios;0053;Alcalá de Henares;10,00;10,00;10,00;10,00;10,00;10,00;10,00;10,00;10,00;10,00;10,00;10,00;10,00;11,00;11,00;11,00;12,00;13,00;13,00;
Municipios;0066;Alcobendas;0,00;0,00;0,00;0,00;0,00;0,00;0,00;0,00;0,00;0,00;0,00;0,00;0,00;0,00;0,00;0,00;0,00;0,00;0,00;
Municipios;0072;Alcorcón;1,00;1,00;1,00;1,00;1,00;1,00;1,00;1,00;1,00;1,00;1,00;1,00;1,00;1,00;1,00;1,00;1,00;1,00;1,00;
Municipios;0088;Aldea del Fresno;0,00;0,00;0,00;0,00;0,00;0,00;0,00;0,00;0,00;0,00;0,00;0,00;0,00;0,00;0,00;0,00;0,00;0,00;0,00;
Municipios;0091;Algete;1,00;1,00;1,00;1,00;1,00;1,00;1,00;1,00;1,00;1,00;1,00;1,00;1,00;1,00;1,00;1,00;1,00;1,00;1,00;
Municipios;0105;Alpedrete;0,00;0,00;0,00;0,00;0,00;0,00;0,00;0,00;0,00;0,00;0,00;0,00;0,00;0,00;0,00;0,00;0,00;0,00;0,00;
Municipios;0112;Ambite;0,00;0,00;0,00;0,00;0,00;0,00;0,00;0,00;0,00;0,00;0,00;0,00;0,00;0,00;0,00;0,00;0,00;0,00;0,00;
Municipios;0127;Anchuelo;0,00;0,00;0,00;0,00;0,00;0,00;0,00;0,00;0,00;0,00;0,00;0,00;0,00;0,00;0,00;0,00;0,00;0,00;0,00;
Municipios;0133;Aranjuez;1,00;1,00;1,00;1,00;1,00;1,00;1,00;1,00;1,00;1,00;1,00;1,00;1,00;1,00;1,00;1,00;1,00;2,00;2,00;
Municipios;0148;Arganda del Rey;1,00;1,00;1,00;1,00;1,00;1,00;1,00;1,00;1,00;1,00;1,00;1,00;1,00;1,00;1,00;1,00;1,00;1,00;1,00;
Municipios;0151;Arroyomolinos;1,00;1,00;1,00;1,00;1,00;1,00;1,00;1,00;1,00;1,00;1,00;1,00;1,00;1,00;1,00;1,00;1,00;1,00;1,00;
Municipios;0164;Atazar (El);0,00;0,00;0,00;0,00;0,00;0,00;0,00;0,00;0,00;0,00;0,00;0,00;0,00;0,00;0,00;0,00;0,00;0,00;0,00;
Municipios;0170;Batres;2,00;2,00;2,00;2,00;2,00;2,00;2,00;2,00;2,00;2,00;2,00;2,00;2,00;2,00;2,00;2,00;2,00;2,00;2,00;
Municipios;0186;Becerril de la Sierra;0,00;0,00;0,00;0,00;0,00;0,00;0,00;0,00;0,00;0,00;0,00;0,00;0,00;0,00;0,00;0,00;0,00;0,00;0,00;
Municipios;0199;Belmonte de Tajo;0,00;0,00;0,00;0,00;0,00;0,00;0,00;0,00;0,00;0,00;0,00;0,00;0,00;0,00;0,00;0,00;0,00;0,00;0,00;
Municipios;0210;Berrueco (El);1,00;1,00;1,00;1,00;1,00;1,00;1,00;1,00;1,00;1,00;1,00;1,00;1,00;1,00;1,00;1,00;1,00;1,00;1,00;
Municipios;0203;Berzosa del Lozoya;0,00;0,00;0,00;0,00;0,00;0,00;0,00;0,00;0,00;0,00;0,00;0,00;0,00;0,00;0,00;0,00;0,00;0,00;0,00;
Municipios;0225;Boadilla del Monte;1,00;1,00;1,00;1,00;1,00;1,00;1,00;1,00;1,00;1,00;1,00;1,00;1,00;1,00;1,00;1,00;1,00;1,00;1,00;
Municipios;0231;Boalo (El);0,00;0,00;0,00;0,00;0,00;0,00;0,00;0,00;0,00;0,00;0,00;0,00;0,00;0,00;0,00;0,00;0,00;0,00;1,00;
Municipios;0246;Braojos;0,00;0,00;0,00;0,00;0,00;0,00;0,00;0,00;0,00;0,00;0,00;0,00;0,00;0,00;0,00;0,00;0,00;0,00;0,00;
Municipios;0259;Brea de Tajo;1,00;1,00;1,00;1,00;1,00;1,00;1,00;1,00;1,00;1,00;1,00;1,00;1,00;1,00;1,00;1,00;1,00;1,00;1,00;
Municipios;0262;Brunete;0,00;0,00;0,00;0,00;0,00;0,00;0,00;0,00;0,00;0,00;1,00;1,00;1,00;1,00;1,00;1,00;1,00;1,00;1,00;
Municipios;0278;Buitrago del Lozoya;4,00;4,00;4,00;4,00;4,00;4,00;4,00;4,00;4,00;4,00;4,00;4,00;4,00;4,00;4,00;4,00;4,00;4,00;5,00;
Municipios;0284;Bustarviejo;1,00;1,00;1,00;1,00;1,00;1,00;1,00;1,00;1,00;1,00;1,00;1,00;1,00;1,00;1,00;1,00;1,00;1,00;1,00;
Municipios;0297;Cabanillas de la Sierra;0,00;0,00;0,00;0,00;0,00;0,00;0,00;0,00;0,00;0,00;0,00;0,00;0,00;0,00;0,00;0,00;0,00;0,00;0,00;
Municipios;0301;Cabrera (La);0,00;0,00;0,00;0,00;0,00;0,00;0,00;0,00;0,00;0,00;0,00;0,00;0,00;0,00;1,00;1,00;1,00;1,00;1,00;
Municipios;0318;Cadalso de los Vidrios;3,00;3,00;3,00;3,00;3,00;3,00;3,00;3,00;3,00;3,00;3,00;3,00;3,00;3,00;4,00;4,00;4,00;4,00;4,00;
Municipios;0323;Camarma de Esteruelas;1,00;1,00;1,00;1,00;1,00;1,00;1,00;1,00;1,00;1,00;1,00;1,00;1,00;1,00;1,00;1,00;1,00;1,00;1,00;
Municipios;0339;Campo Real;1,00;1,00;1,00;1,00;1,00;1,00;1,00;1,00;1,00;1,00;1,00;1,00;1,00;1,00;1,00;1,00;1,00;1,00;1,00;
Municipios;0344;Canencia;0,00;0,00;0,00;0,00;0,00;0,00;0,00;0,00;0,00;0,00;0,00;0,00;0,00;0,00;0,00;0,00;0,00;0,00;0,00;
Municipios;0357;Carabaña;0,00;0,00;0,00;0,00;0,00;0,00;0,00;0,00;0,00;0,00;0,00;0,00;0,00;0,00;0,00;0,00;0,00;0,00;0,00;
Municipios;0360;Casarrubuelos;0,00;0,00;0,00;0,00;0,00;0,00;0,00;0,00;0,00;0,00;0,00;0,00;0,00;0,00;0,00;0,00;0,00;0,00;0,00;
Municipios;0376;Cenicientos;0,00;0,00;0,00;0,00;0,00;0,00;0,00;0,00;0,00;0,00;0,00;0,00;0,00;0,00;0,00;1,00;1,00;1,00;1,00;
Municipios;0382;Cercedilla;0,00;0,00;0,00;0,00;0,00;0,00;0,00;0,00;0,00;0,00;0,00;0,00;0,00;0,00;0,00;0,00;0,00;0,00;0,00;
Municipios;0395;Cervera de Buitrago;0,00;0,00;0,00;0,00;0,00;0,00;0,00;0,00;0,00;0,00;0,00;0,00;0,00;0,00;0,00;0,00;0,00;0,00;0,00;
Municipios;0513;Chapinería;0,00;0,00;0,00;0,00;0,00;0,00;0,00;0,00;0,00;0,00;0,00;0,00;0,00;0,00;0,00;0,00;0,00;0,00;0,00;
Municipios;0528;Chinchón;3,00;3,00;3,00;3,00;3,00;3,00;3,00;3,00;3,00;3,00;3,00;3,00;3,00;3,00;3,00;3,00;3,00;3,00;3,00;
Municipios;0409;Ciempozuelos;0,00;1,00;1,00;1,00;1,00;1,00;1,00;1,00;1,00;1,00;1,00;1,00;1,00;1,00;1,00;1,00;1,00;1,00;1,00;
Municipios;0416;Cobeña;1,00;1,00;1,00;1,00;1,00;1,00;1,00;1,00;1,00;1,00;1,00;1,00;1,00;1,00;1,00;1,00;1,00;1,00;1,00;
Municipios;0468;Collado Mediano;0,00;0,00;0,00;0,00;0,00;0,00;1,00;1,00;1,00;1,00;1,00;1,00;1,00;1,00;1,00;1,00;1,00;1,00;1,00;
Municipios;0474;Collado Villalba;0,00;0,00;0,00;0,00;0,00;0,00;0,00;0,00;0,00;0,00;0,00;0,00;0,00;0,00;0,00;0,00;0,00;0,00;0,00;
Municipios;0455;Colmenar Viejo;1,00;1,00;1,00;1,00;1,00;1,00;1,00;1,00;1,00;1,00;1,00;1,00;1,00;1,00;1,00;1,00;1,00;1,00;1,00;
Municipios;0437;Colmenar de Oreja;0,00;0,00;0,00;0,00;0,00;0,00;0,00;1,00;1,00;1,00;1,00;1,00;1,00;1,00;2,00;2,00;2,00;2,00;2,00;
Municipios;0421;Colmenar del Arroyo;0,00;0,00;0,00;0,00;0,00;0,00;0,00;0,00;0,00;0,00;0,00;0,00;0,00;1,00;1,00;1,00;1,00;1,00;1,00;
Municipios;0442;Colmenarejo;0,00;0,00;0,00;0,00;0,00;0,00;0,00;0,00;0,00;0,00;0,00;0,00;0,00;0,00;0,00;0,00;0,00;0,00;0,00;
Municipios;0480;Corpa;0,00;0,00;0,00;0,00;0,00;0,00;0,00;0,00;0,00;0,00;0,00;0,00;0,00;0,00;0,00;0,00;0,00;0,00;0,00;
Municipios;0493;Coslada;0,00;0,00;0,00;0,00;0,00;0,00;0,00;0,00;0,00;0,00;0,00;0,00;0,00;0,00;0,00;0,00;0,00;0,00;0,00;
Municipios;0506;Cubas de la Sagra;1,00;1,00;1,00;1,00;1,00;1,00;1,00;1,00;1,00;1,00;1,00;1,00;1,00;1,00;1,00;1,00;1,00;1,00;1,00;
Municipios;0534;Daganzo de Arriba;0,00;0,00;0,00;0,00;0,00;0,00;0,00;0,00;0,00;0,00;0,00;0,00;0,00;0,00;0,00;0,00;0,00;0,00;0,00;
Municipios;0549;Escorial (El);1,00;1,00;1,00;1,00;1,00;1,00;1,00;1,00;1,00;1,00;1,00;1,00;1,00;1,00;1,00;1,00;1,00;1,00;1,00;
Municipios;0552;Estremera;1,00;1,00;1,00;1,00;1,00;1,00;1,00;1,00;1,00;1,00;1,00;1,00;1,00;1,00;1,00;1,00;1,00;1,00;1,00;
Municipios;0565;Fresnedillas de la Oliva;0,00;0,00;0,00;0,00;0,00;0,00;0,00;0,00;0,00;0,00;0,00;0,00;0,00;0,00;0,00;0,00;0,00;0,00;0,00;
Municipios;0571;Fresno de Torote;1,00;1,00;1,00;1,00;1,00;1,00;1,00;1,00;1,00;1,00;1,00;1,00;1,00;1,00;1,00;1,00;1,00;1,00;1,00;
Municipios;0587;Fuenlabrada;0,00;0,00;0,00;0,00;0,00;0,00;0,00;0,00;0,00;0,00;0,00;0,00;0,00;0,00;0,00;0,00;0,00;0,00;0,00;
Municipios;0590;Fuente el Saz de Jarama;1,00;1,00;1,00;1,00;1,00;1,00;2,00;2,00;2,00;2,00;2,00;2,00;2,00;2,00;2,00;2,00;2,00;2,00;2,00;
Municipios;0604;Fuentidueña de Tajo;2,00;2,00;2,00;2,00;2,00;2,00;2,00;2,00;2,00;2,00;2,00;2,00;2,00;2,00;2,00;2,00;2,00;2,00;2,00;
Municipios;0611;Galapagar;1,00;1,00;1,00;1,00;1,00;1,00;1,00;1,00;1,00;1,00;1,00;1,00;1,00;1,00;1,00;1,00;1,00;1,00;1,00;
Municipios;0626;Garganta de los Montes;0,00;0,00;0,00;0,00;0,00;0,00;0,00;0,00;0,00;0,00;0,00;0,00;0,00;0,00;0,00;0,00;0,00;0,00;0,00;
Municipios;0632;Gargantilla del Lozoya y Pinilla de Buitrago;0,00;0,00;0,00;0,00;0,00;0,00;0,00;0,00;0,00;0,00;0,00;0,00;0,00;1,00;1,00;1,00;1,00;1,00;1,00;
Municipios;0647;Gascones;0,00;0,00;0,00;0,00;0,00;0,00;0,00;0,00;0,00;0,00;0,00;0,00;0,00;0,00;0,00;0,00;0,00;0,00;0,00;
Municipios;0650;Getafe;2,00;2,00;2,00;2,00;2,00;2,00;2,00;2,00;2,00;2,00;2,00;2,00;2,00;2,00;2,00;2,00;2,00;2,00;2,00;
Municipios;0663;Griñón;0,00;0,00;0,00;0,00;0,00;0,00;0,00;0,00;0,00;0,00;0,00;0,00;0,00;0,00;0,00;0,00;1,00;1,00;1,00;
Municipios;0679;Guadalix de la Sierra;0,00;0,00;0,00;0,00;0,00;0,00;0,00;0,00;0,00;0,00;0,00;0,00;0,00;0,00;0,00;0,00;0,00;0,00;0,00;
Municipios;0685;Guadarrama;0,00;0,00;0,00;0,00;0,00;0,00;0,00;0,00;0,00;0,00;0,00;0,00;0,00;0,00;0,00;0,00;0,00;0,00;0,00;
Municipios;0698;Hiruela (La);0,00;0,00;0,00;0,00;0,00;0,00;0,00;0,00;0,00;0,00;0,00;0,00;0,00;0,00;0,00;0,00;0,00;0,00;0,00;
Municipios;0702;Horcajo de la Sierra-Aoslos;0,00;0,00;0,00;0,00;0,00;0,00;0,00;0,00;0,00;0,00;0,00;0,00;0,00;0,00;0,00;0,00;0,00;0,00;0,00;
Municipios;0719;Horcajuelo de la Sierra;0,00;0,00;0,00;0,00;0,00;0,00;0,00;0,00;0,00;0,00;0,00;0,00;0,00;0,00;0,00;0,00;0,00;0,00;0,00;
Municipios;0724;Hoyo de Manzanares;1,00;1,00;1,00;1,00;1,00;1,00;1,00;1,00;1,00;1,00;1,00;1,00;1,00;1,00;1,00;1,00;1,00;1,00;1,00;
Municipios;0730;Humanes de Madrid;0,00;0,00;0,00;0,00;0,00;0,00;0,00;0,00;0,00;0,00;0,00;0,00;0,00;0,00;0,00;0,00;0,00;0,00;0,00;
Municipios;0745;Leganés;0,00;0,00;0,00;0,00;0,00;0,00;0,00;0,00;0,00;0,00;0,00;0,00;0,00;0,00;0,00;0,00;0,00;0,00;1,00;
Municipios;0758;Loeches;1,00;1,00;1,00;1,00;1,00;1,00;1,00;1,00;1,00;1,00;1,00;1,00;1,00;1,00;1,00;1,00;1,00;1,00;1,00;
Municipios;0761;Lozoya;0,00;0,00;0,00;0,00;0,00;0,00;0,00;0,00;0,00;0,00;0,00;0,00;0,00;0,00;0,00;0,00;0,00;0,00;0,00;
Municipios;9015;Lozoyuela-Navas-Sieteiglesias;0,00;0,00;0,00;0,00;0,00;0,00;0,00;0,00;0,00;0,00;0,00;0,00;0,00;0,00;0,00;0,00;0,00;0,00;0,00;
Municipios;0783;Madarcos;0,00;0,00;0,00;0,00;0,00;0,00;0,00;0,00;0,00;0,00;0,00;0,00;0,00;0,00;0,00;0,00;0,00;0,00;0,00;
Municipios;0796;Madrid;99,00;100,00;101,00;101,00;102,00;104,00;105,00;110,00;111,00;111,00;111,00;113,00;116,00;119,00;120,00;121,00;123,00;125,00;127,00;
Municipios;0800;Majadahonda;0,00;0,00;0,00;0,00;0,00;0,00;0,00;0,00;0,00;0,00;0,00;0,00;0,00;0,00;0,00;0,00;0,00;0,00;0,00;
Municipios;0822;Manzanares el Real;3,00;3,00;3,00;3,00;3,00;3,00;3,00;3,00;3,00;3,00;3,00;3,00;3,00;3,00;3,00;4,00;4,00;4,00;4,00;
Municipios;0838;Meco;1,00;1,00;1,00;1,00;1,00;1,00;1,00;1,00;1,00;1,00;1,00;1,00;1,00;1,00;1,00;1,00;1,00;1,00;1,00;
Municipios;0843;Mejorada del Campo;2,00;2,00;2,00;2,00;2,00;2,00;2,00;2,00;2,00;2,00;2,00;2,00;2,00;2,00;2,00;2,00;2,00;2,00;2,00;
Municipios;0856;Miraflores de la Sierra;0,00;0,00;0,00;0,00;0,00;0,00;0,00;0,00;0,00;0,00;0,00;0,00;0,00;0,00;0,00;0,00;0,00;0,00;0,00;
Municipios;0869;Molar (El);0,00;0,00;0,00;0,00;0,00;0,00;0,00;0,00;0,00;0,00;0,00;1,00;1,00;1,00;1,00;1,00;1,00;1,00;1,00;
Municipios;0875;Molinos (Los);0,00;0,00;0,00;0,00;0,00;0,00;0,00;0,00;0,00;0,00;0,00;0,00;0,00;0,00;0,00;0,00;0,00;0,00;0,00;
Municipios;0881;Montejo de la Sierra;0,00;0,00;0,00;0,00;0,00;0,00;0,00;0,00;0,00;0,00;0,00;0,00;0,00;0,00;0,00;0,00;0,00;0,00;0,00;
Municipios;0894;Moraleja de Enmedio;0,00;0,00;0,00;0,00;0,00;0,00;0,00;0,00;0,00;0,00;0,00;0,00;0,00;0,00;0,00;0,00;0,00;0,00;0,00;
Municipios;0908;Moralzarzal;0,00;0,00;0,00;0,00;0,00;0,00;0,00;0,00;0,00;0,00;0,00;0,00;0,00;0,00;0,00;0,00;0,00;0,00;0,00;
Municipios;0915;Morata de Tajuña;0,00;0,00;0,00;0,00;0,00;0,00;0,00;0,00;0,00;0,00;0,00;0,00;0,00;0,00;0,00;0,00;0,00;0,00;0,00;
Municipios;0920;Móstoles;2,00;2,00;2,00;2,00;2,00;2,00;2,00;2,00;2,00;2,00;2,00;2,00;2,00;2,00;2,00;2,00;2,00;2,00;2,00;
Municipios;0936;Navacerrada;0,00;0,00;0,00;0,00;0,00;0,00;0,00;0,00;0,00;0,00;0,00;0,00;0,00;0,00;0,00;0,00;0,00;0,00;0,00;
Municipios;0941;Navalafuente;0,00;0,00;0,00;0,00;0,00;0,00;0,00;0,00;0,00;0,00;0,00;0,00;0,00;0,00;0,00;0,00;0,00;0,00;0,00;
Municipios;0954;Navalagamella;0,00;0,00;0,00;0,00;0,00;0,00;0,00;0,00;0,00;0,00;0,00;0,00;0,00;0,00;0,00;0,00;0,00;0,00;0,00;
Municipios;0967;Navalcarnero;3,00;3,00;3,00;3,00;3,00;3,00;3,00;3,00;3,00;3,00;3,00;3,00;3,00;3,00;3,00;3,00;3,00;3,00;3,00;
Municipios;0973;Navarredonda y San Mamés;0,00;0,00;0,00;0,00;0,00;0,00;0,00;0,00;0,00;0,00;0,00;0,00;0,00;0,00;0,00;0,00;0,00;0,00;0,00;
Municipios;0992;Navas del Rey;1,00;1,00;1,00;1,00;1,00;1,00;1,00;1,00;1,00;1,00;1,00;1,00;1,00;1,00;1,00;1,00;1,00;1,00;1,00;
Municipios;1006;Nuevo Baztán;2,00;2,00;2,00;2,00;2,00;2,00;2,00;2,00;2,00;2,00;2,00;2,00;2,00;2,00;2,00;2,00;2,00;2,00;2,00;
Municipios;1013;Olmeda de las Fuentes;0,00;0,00;0,00;0,00;0,00;0,00;0,00;0,00;0,00;0,00;0,00;0,00;0,00;0,00;0,00;0,00;0,00;0,00;0,00;
Municipios;1028;Orusco de Tajuña;0,00;0,00;0,00;0,00;0,00;0,00;0,00;0,00;0,00;0,00;0,00;0,00;0,00;0,00;0,00;0,00;0,00;0,00;0,00;
Municipios;1049;Paracuellos de Jarama;1,00;1,00;1,00;1,00;1,00;1,00;1,00;1,00;1,00;1,00;1,00;1,00;1,00;1,00;1,00;1,00;1,00;1,00;1,00;
Municipios;1065;Parla;0,00;0,00;0,00;0,00;0,00;0,00;0,00;0,00;0,00;0,00;0,00;0,00;0,00;0,00;0,00;0,00;0,00;0,00;0,00;
Municipios;1071;Patones;2,00;2,00;2,00;2,00;2,00;2,00;2,00;2,00;2,00;2,00;2,00;2,00;2,00;2,00;2,00;2,00;2,00;2,00;2,00;
Municipios;1087;Pedrezuela;0,00;0,00;0,00;0,00;0,00;0,00;0,00;0,00;0,00;0,00;0,00;0,00;0,00;0,00;0,00;0,00;0,00;0,00;0,00;
Municipios;1090;Pelayos de la Presa;1,00;1,00;1,00;1,00;1,00;1,00;1,00;1,00;1,00;1,00;1,00;1,00;1,00;1,00;1,00;1,00;1,00;1,00;1,00;
Municipios;1104;Perales de Tajuña;2,00;2,00;2,00;2,00;2,00;2,00;2,00;2,00;2,00;2,00;2,00;2,00;2,00;2,00;2,00;2,00;2,00;2,00;2,00;
Municipios;1111;Pezuela de las Torres;0,00;0,00;0,00;0,00;0,00;0,00;0,00;0,00;0,00;0,00;0,00;0,00;0,00;0,00;0,00;1,00;1,00;1,00;1,00;
Municipios;1126;Pinilla del Valle;1,00;1,00;1,00;1,00;1,00;1,00;1,00;1,00;1,00;1,00;1,00;1,00;1,00;1,00;1,00;1,00;1,00;1,00;1,00;
Municipios;1132;Pinto;1,00;1,00;1,00;1,00;1,00;1,00;1,00;1,00;1,00;1,00;1,00;1,00;1,00;2,00;2,00;2,00;2,00;2,00;2,00;
Municipios;1147;Piñuécar-Gandullas;0,00;0,00;0,00;0,00;0,00;0,00;0,00;0,00;0,00;0,00;0,00;0,00;0,00;0,00;0,00;0,00;0,00;0,00;0,00;
Municipios;1150;Pozuelo de Alarcón;0,00;0,00;0,00;0,00;0,00;0,00;0,00;0,00;0,00;0,00;0,00;0,00;0,00;0,00;0,00;0,00;1,00;2,00;2,00;
Municipios;1163;Pozuelo del Rey;0,00;0,00;0,00;0,00;0,00;0,00;0,00;0,00;0,00;0,00;0,00;0,00;0,00;1,00;1,00;1,00;1,00;1,00;1,00;
Municipios;1179;Prádena del Rincón;0,00;0,00;0,00;0,00;0,00;0,00;0,00;0,00;0,00;0,00;0,00;0,00;0,00;0,00;0,00;1,00;1,00;1,00;1,00;
Municipios;1185;Puebla de la Sierra;0,00;0,00;0,00;0,00;0,00;0,00;0,00;0,00;0,00;0,00;0,00;0,00;0,00;0,00;0,00;0,00;0,00;0,00;0,00;
Municipios;9020;Puentes Viejas;1,00;1,00;1,00;1,00;1,00;1,00;1,00;1,00;1,00;1,00;1,00;1,00;1,00;1,00;1,00;1,00;1,00;1,00;1,00;
Municipios;1198;Quijorna;0,00;0,00;0,00;0,00;0,00;0,00;0,00;0,00;0,00;0,00;0,00;0,00;0,00;0,00;0,00;0,00;0,00;0,00;0,00;
Municipios;1202;Rascafría;1,00;1,00;1,00;1,00;1,00;1,00;1,00;1,00;1,00;1,00;1,00;1,00;1,00;1,00;1,00;1,00;1,00;1,00;1,00;
Municipios;1219;Redueña;0,00;0,00;0,00;0,00;0,00;0,00;0,00;0,00;0,00;0,00;0,00;0,00;0,00;0,00;0,00;0,00;0,00;0,00;0,00;
Municipios;1224;Ribatejada;1,00;1,00;1,00;1,00;1,00;1,00;1,00;1,00;1,00;1,00;1,00;1,00;1,00;1,00;1,00;1,00;1,00;1,00;1,00;
Municipios;1230;Rivas-Vaciamadrid;2,00;2,00;2,00;2,00;2,00;2,00;2,00;2,00;2,00;2,00;2,00;2,00;2,00;2,00;2,00;2,00;2,00;2,00;2,00;
Municipios;1245;Robledillo de la Jara;0,00;0,00;0,00;0,00;0,00;0,00;0,00;0,00;0,00;0,00;0,00;0,00;0,00;0,00;0,00;0,00;0,00;0,00;0,00;
Municipios;1258;Robledo de Chavela;1,00;1,00;1,00;1,00;1,00;1,00;1,00;1,00;1,00;1,00;1,00;1,00;1,00;1,00;1,00;2,00;2,00;2,00;2,00;
Municipios;1261;Robregordo;0,00;0,00;0,00;0,00;0,00;0,00;0,00;0,00;0,00;0,00;0,00;0,00;0,00;0,00;0,00;0,00;0,00;0,00;0,00;
Municipios;1277;Rozas de Madrid (Las);0,00;0,00;0,00;0,00;0,00;0,00;0,00;0,00;0,00;0,00;0,00;0,00;0,00;0,00;0,00;0,00;0,00;0,00;0,00;
Municipios;1283;Rozas de Puerto Real;0,00;0,00;0,00;0,00;0,00;0,00;0,00;0,00;0,00;0,00;0,00;0,00;0,00;0,00;0,00;0,00;0,00;0,00;0,00;
Municipios;1296;San Agustín del Guadalix;0,00;0,00;0,00;0,00;0,00;0,00;0,00;0,00;0,00;0,00;0,00;0,00;0,00;0,00;0,00;0,00;0,00;0,00;0,00;
Municipios;1300;San Fernando de Henares;2,00;2,00;2,00;2,00;2,00;2,00;2,00;2,00;2,00;2,00;2,00;2,00;2,00;2,00;2,00;2,00;2,00;2,00;2,00;
Municipios;1317;San Lorenzo de El Escorial;3,00;4,00;4,00;4,00;4,00;4,00;4,00;4,00;4,00;4,00;4,00;4,00;4,00;4,00;4,00;4,00;4,00;4,00;4,00;
Municipios;1338;San Martín de Valdeiglesias;1,00;1,00;1,00;1,00;1,00;1,00;1,00;1,00;1,00;1,00;1,00;1,00;1,00;1,00;1,00;1,00;1,00;1,00;1,00;
Municipios;1322;San Martín de la Vega;1,00;1,00;1,00;1,00;1,00;1,00;1,00;1,00;1,00;1,00;1,00;1,00;1,00;1,00;1,00;1,00;1,00;1,00;1,00;
Municipios;1343;San Sebastián de los Reyes;0,00;0,00;0,00;0,00;0,00;0,00;0,00;0,00;0,00;0,00;0,00;0,00;0,00;0,00;0,00;0,00;0,00;0,00;0,00;
Municipios;1356;Santa María de la Alameda;0,00;0,00;0,00;0,00;0,00;0,00;0,00;0,00;0,00;0,00;0,00;0,00;0,00;0,00;0,00;0,00;0,00;0,00;0,00;
Municipios;1369;Santorcaz;3,00;3,00;3,00;3,00;3,00;4,00;4,00;4,00;4,00;4,00;4,00;4,00;4,00;4,00;4,00;4,00;4,00;4,00;4,00;
Municipios;1375;Santos de la Humosa (Los);0,00;0,00;0,00;0,00;0,00;0,00;0,00;0,00;0,00;0,00;0,00;0,00;0,00;0,00;0,00;0,00;0,00;0,00;0,00;
Municipios;1381;Serna del Monte (La);0,00;0,00;0,00;0,00;0,00;0,00;0,00;0,00;0,00;0,00;0,00;0,00;0,00;0,00;0,00;0,00;0,00;0,00;0,00;
Municipios;1408;Serranillos del Valle;0,00;0,00;0,00;0,00;0,00;0,00;0,00;0,00;0,00;0,00;0,00;0,00;0,00;0,00;0,00;0,00;0,00;0,00;0,00;
Municipios;1415;Sevilla la Nueva;0,00;0,00;0,00;0,00;0,00;0,00;0,00;0,00;0,00;0,00;0,00;0,00;0,00;0,00;0,00;0,00;0,00;0,00;0,00;
Municipios;1436;Somosierra;1,00;1,00;1,00;1,00;1,00;1,00;1,00;1,00;1,00;1,00;1,00;1,00;1,00;1,00;1,00;1,00;1,00;1,00;1,00;
Municipios;1441;Soto del Real;0,00;0,00;0,00;0,00;0,00;0,00;0,00;0,00;0,00;0,00;0,00;0,00;0,00;0,00;0,00;0,00;0,00;0,00;0,00;
Municipios;1454;Talamanca de Jarama;3,00;3,00;3,00;3,00;3,00;3,00;3,00;3,00;3,00;3,00;3,00;3,00;3,00;3,00;3,00;3,00;4,00;4,00;4,00;
Municipios;1467;Tielmes;0,00;0,00;0,00;0,00;0,00;0,00;0,00;0,00;0,00;0,00;0,00;0,00;0,00;0,00;0,00;0,00;0,00;0,00;0,00;
Municipios;1473;Titulcia;0,00;0,00;0,00;0,00;0,00;0,00;1,00;1,00;1,00;1,00;1,00;1,00;1,00;1,00;1,00;1,00;1,00;1,00;1,00;
Municipios;1489;Torrejón de Ardoz;0,00;0,00;0,00;0,00;0,00;0,00;0,00;0,00;0,00;0,00;0,00;0,00;0,00;0,00;0,00;0,00;0,00;0,00;0,00;
Municipios;1505;Torrejón de Velasco;2,00;2,00;2,00;2,00;2,00;2,00;2,00;2,00;2,00;2,00;2,00;2,00;2,00;2,00;2,00;2,00;2,00;2,00;2,00;
Municipios;1492;Torrejón de la Calzada;0,00;0,00;0,00;0,00;0,00;0,00;0,00;0,00;0,00;0,00;0,00;0,00;0,00;0,00;0,00;0,00;0,00;0,00;0,00;
Municipios;1512;Torrelaguna;4,00;4,00;4,00;4,00;4,00;4,00;4,00;4,00;4,00;4,00;4,00;4,00;4,00;4,00;4,00;4,00;4,00;4,00;4,00;
Municipios;1527;Torrelodones;2,00;2,00;2,00;2,00;2,00;2,00;2,00;2,00;2,00;2,00;2,00;2,00;2,00;3,00;3,00;3,00;3,00;3,00;3,00;
Municipios;1533;Torremocha de Jarama;1,00;1,00;1,00;1,00;1,00;1,00;1,00;1,00;1,00;1,00;1,00;1,00;1,00;1,00;1,00;1,00;1,00;1,00;1,00;
Municipios;1548;Torres de la Alameda;0,00;0,00;0,00;0,00;0,00;0,00;0,00;0,00;0,00;0,00;0,00;0,00;0,00;0,00;0,00;0,00;0,00;0,00;0,00;
Municipios;9036;Tres Cantos;0,00;0,00;0,00;0,00;0,00;0,00;0,00;0,00;0,00;0,00;0,00;0,00;0,00;0,00;0,00;0,00;0,00;0,00;0,00;
Municipios;1551;Valdaracete;0,00;0,00;0,00;0,00;0,00;0,00;0,00;0,00;0,00;0,00;0,00;0,00;0,00;0,00;0,00;0,00;0,00;0,00;0,00;
Municipios;1564;Valdeavero;0,00;0,00;0,00;0,00;0,00;0,00;0,00;0,00;0,00;0,00;0,00;0,00;0,00;0,00;0,00;0,00;0,00;0,00;0,00;
Municipios;1570;Valdelaguna;0,00;0,00;0,00;0,00;0,00;0,00;0,00;0,00;0,00;0,00;0,00;0,00;0,00;0,00;0,00;0,00;0,00;0,00;0,00;
Municipios;1586;Valdemanco;0,00;0,00;0,00;0,00;0,00;0,00;0,00;0,00;0,00;0,00;0,00;0,00;0,00;0,00;0,00;0,00;0,00;0,00;0,00;
Municipios;1599;Valdemaqueda;0,00;0,00;0,00;0,00;0,00;0,00;0,00;0,00;0,00;0,00;0,00;0,00;0,00;0,00;0,00;0,00;0,00;0,00;0,00;
Municipios;1603;Valdemorillo;0,00;0,00;0,00;0,00;0,00;0,00;0,00;0,00;0,00;0,00;0,00;0,00;0,00;0,00;0,00;0,00;0,00;0,00;0,00;
Municipios;1610;Valdemoro;2,00;2,00;2,00;2,00;2,00;2,00;2,00;2,00;2,00;2,00;3,00;3,00;3,00;3,00;3,00;3,00;3,00;3,00;3,00;
Municipios;1625;Valdeolmos-Alalpardo;0,00;0,00;0,00;0,00;0,00;0,00;0,00;0,00;0,00;0,00;0,00;0,00;0,00;0,00;0,00;0,00;0,00;0,00;0,00;
Municipios;1631;Valdepiélagos;0,00;0,00;0,00;0,00;0,00;0,00;0,00;0,00;0,00;0,00;0,00;0,00;0,00;0,00;0,00;0,00;0,00;0,00;0,00;
Municipios;1646;Valdetorres de Jarama;1,00;1,00;1,00;1,00;1,00;1,00;1,00;1,00;1,00;1,00;1,00;1,00;1,00;1,00;1,00;1,00;1,00;1,00;1,00;
Municipios;1659;Valdilecha;0,00;0,00;0,00;0,00;0,00;0,00;0,00;0,00;0,00;0,00;0,00;1,00;1,00;1,00;1,00;1,00;1,00;1,00;1,00;
Municipios;1662;Valverde de Alcalá;0,00;0,00;0,00;0,00;0,00;0,00;0,00;0,00;0,00;0,00;0,00;0,00;0,00;0,00;0,00;0,00;0,00;0,00;0,00;
Municipios;1678;Velilla de San Antonio;0,00;0,00;0,00;0,00;0,00;0,00;0,00;0,00;0,00;0,00;0,00;0,00;0,00;0,00;0,00;0,00;0,00;0,00;0,00;
Municipios;1684;Vellón (El);1,00;1,00;1,00;1,00;1,00;1,00;1,00;1,00;1,00;1,00;1,00;1,00;1,00;1,00;1,00;1,00;1,00;1,00;1,00;
Municipios;1697;Venturada;1,00;1,00;1,00;1,00;1,00;1,00;1,00;1,00;1,00;1,00;1,00;1,00;1,00;1,00;1,00;1,00;1,00;1,00;1,00;
Municipios;1718;Villa del Prado;1,00;1,00;1,00;1,00;1,00;1,00;1,00;1,00;1,00;1,00;1,00;1,00;1,00;1,00;1,00;1,00;1,00;1,00;1,00;
Municipios;1701;Villaconejos;0,00;0,00;0,00;0,00;0,00;0,00;0,00;0,00;0,00;0,00;0,00;0,00;0,00;0,00;0,00;0,00;0,00;0,00;0,00;
Municipios;1723;Villalbilla;0,00;0,00;0,00;0,00;0,00;1,00;1,00;1,00;1,00;1,00;1,00;1,00;1,00;1,00;1,00;1,00;1,00;1,00;1,00;
Municipios;1739;Villamanrique de Tajo;1,00;1,00;1,00;1,00;1,00;1,00;1,00;1,00;1,00;1,00;1,00;1,00;1,00;1,00;1,00;1,00;1,00;1,00;1,00;
Municipios;1744;Villamanta;0,00;0,00;0,00;0,00;0,00;0,00;0,00;0,00;0,00;0,00;0,00;0,00;0,00;0,00;0,00;0,00;0,00;0,00;0,00;
Municipios;1757;Villamantilla;0,00;0,00;0,00;0,00;0,00;0,00;0,00;0,00;0,00;0,00;0,00;0,00;0,00;0,00;0,00;0,00;0,00;0,00;0,00;
Municipios;1782;Villanueva de Perales;0,00;0,00;0,00;0,00;0,00;0,00;0,00;0,00;0,00;0,00;0,00;0,00;0,00;0,00;0,00;0,00;0,00;0,00;0,00;
Municipios;1760;Villanueva de la Cañada;1,00;1,00;1,00;1,00;1,00;1,00;1,00;1,00;1,00;1,00;1,00;1,00;1,00;1,00;1,00;1,00;1,00;1,00;1,00;
Municipios;1776;Villanueva del Pardillo;0,00;0,00;0,00;0,00;0,00;0,00;0,00;0,00;0,00;0,00;0,00;0,00;0,00;0,00;0,00;0,00;0,00;0,00;0,00;
Municipios;1795;Villar del Olmo;0,00;0,00;0,00;0,00;0,00;0,00;0,00;0,00;0,00;0,00;0,00;0,00;0,00;0,00;0,00;0,00;0,00;0,00;0,00;
Municipios;1809;Villarejo de Salvanés;2,00;2,00;2,00;2,00;2,00;2,00;2,00;2,00;2,00;2,00;2,00;2,00;2,00;2,00;2,00;2,00;2,00;2,00;2,00;
Municipios;1816;Villaviciosa de Odón;2,00;2,00;2,00;2,00;2,00;2,00;2,00;2,00;2,00;2,00;2,00;2,00;2,00;2,00;2,00;2,00;2,00;3,00;3,00;
Municipios;1821;Villavieja del Lozoya;0,00;0,00;0,00;0,00;0,00;0,00;0,00;0,00;0,00;0,00;0,00;0,00;0,00;0,00;0,00;0,00;0,00;0,00;0,00;
Municipios;1837;Zarzalejo;0,00;0,00;0,00;0,00;0,00;0,00;0,00;0,00;0,00;0,00;0,00;0,00;0,00;0,00;0,00;0,00;0,00;0,00;0,00;
